{
  "type": "FeatureCollection",
  "features": [
    {
      "type": "Feature",
      "id": "AL",
      "properties": {
        "id": "AL",
        "name": "Alabama"
      },
      "geometry": {
        "type": "Polygon",
        "coordinates": [
          [
            [
              -87.359296,
              35.00118
            ],
            [
              -85.606675,
              34.984749
            ],
            [
              -85.431413,
              34.124869
            ],
            [
              -85.184951,
              32.859696
            ],
            [
              -85.069935,
              32.580372
            ],
            [
              -84.960397,
              32.421541
            ],
            [
              -85.004212,
              32.322956
            ],
            [
              -84.889196,
              32.262709
            ],
            [
              -85.058981,
              32.13674
            ],
            [
              -85.053504,
              32.01077
            ],
            [
              -85.141136,
              31.840985
            ],
            [
              -85.042551,
              31.539753
            ],
            [
              -85.113751,
              31.27686
            ],
            [
              -85.004212,
              31.003013
            ],
            [
              -85.497137,
              30.997536
            ],
            [
              -87.600282,
              30.997536
            ],
            [
              -87.633143,
              30.86609
            ],
            [
              -87.408589,
              30.674397
            ],
            [
              -87.446927,
              30.510088
            ],
            [
              -87.37025,
              30.427934
            ],
            [
              -87.518128,
              30.280057
            ],
            [
              -87.655051,
              30.247195
            ],
            [
              -87.90699,
              30.411504
            ],
            [
              -87.934375,
              30.657966
            ],
            [
              -88.011052,
              30.685351
            ],
            [
              -88.10416,
              30.499135
            ],
            [
              -88.137022,
              30.318396
            ],
            [
              -88.394438,
              30.367688
            ],
            [
              -88.471115,
              31.895754
            ],
            [
              -88.241084,
              33.796253
            ],
            [
              -88.098683,
              34.891641
            ],
            [
              -88.202745,
              34.995703
            ],
            [
              -87.359296,
              35.00118
            ]
          ]
        ]
      }
    },
    {
      "type": "Feature",
      "id": "AK",
      "properties": {
        "id": "AK",
        "name": "Alaska"
      },
      "geometry": {
        "type": "MultiPolygon",
        "coordinates": [
          [
            [
              [
                -129.13163155,
                54.9818801
              ],
              [
                -129.11355745,
                55.0722495
              ],
              [
                -128.9960769,
                55.01802775
              ],
              [
                -129.014151,
                54.924645999999996
              ],
              [
                -129.15572980000002,
                54.936694849999995
              ],
              [
                -129.13163155,
                54.9818801
              ]
            ]
          ],
          [
            [
              [
                -129.2581486,
                55.150569499999996
              ],
              [
                -129.15572980000002,
                55.08429835
              ],
              [
                -129.2129639,
                54.98790425
              ],
              [
                -129.2581486,
                55.0210401
              ],
              [
                -129.2581486,
                55.150569499999996
              ]
            ]
          ],
          [
            [
              [
                -129.88772315,
                55.7078482
              ],
              [
                -129.75518085000002,
                55.719897599999996
              ],
              [
                -129.69794675,
                55.69881115
              ],
              [
                -129.71602085,
                55.6174788
              ],
              [
                -129.83350140000002,
                55.5994047
              ],
              [
                -129.93893255,
                55.6506141
              ],
              [
                -129.88772315,
                55.7078482
              ]
            ]
          ],
          [
            [
              [
                -130.22811485,
                55.65965115
              ],
              [
                -129.99014195,
                55.641577049999995
              ],
              [
                -129.92989550000001,
                55.536146450000004
              ],
              [
                -129.6919226,
                55.4186659
              ],
              [
                -129.61058970000002,
                55.34637005
              ],
              [
                -129.604565,
                55.286123599999996
              ],
              [
                -129.5473309,
                55.27407475
              ],
              [
                -129.5382944,
                55.195754199999996
              ],
              [
                -129.44190030000001,
                55.1174342
              ],
              [
                -129.42985090000002,
                55.048150699999994
              ],
              [
                -129.36659210000002,
                55.06923715
              ],
              [
                -129.3394815,
                55.015015399999996
              ],
              [
                -129.3274321,
                54.801140749999995
              ],
              [
                -129.36659210000002,
                54.7529437
              ],
              [
                -129.5202203,
                54.76198075
              ],
              [
                -129.56239265,
                54.87042425
              ],
              [
                -129.6166144,
                54.8613872
              ],
              [
                -129.72807025,
                54.94271955
              ],
              [
                -129.76120555,
                54.91560895
              ],
              [
                -129.8545873,
                54.94271955
              ],
              [
                -129.8395261,
                54.8613872
              ],
              [
                -129.7521685,
                54.8824731
              ],
              [
                -129.69493495,
                54.85235015
              ],
              [
                -129.72204555,
                54.7408943
              ],
              [
                -129.8274767,
                54.7529437
              ],
              [
                -129.9871296,
                54.8945225
              ],
              [
                -130.0323143,
                54.96681835
              ],
              [
                -130.02327725,
                55.042125999999996
              ],
              [
                -130.14979485,
                55.0361013
              ],
              [
                -130.14979485,
                55.0933354
              ],
              [
                -130.0534002,
                55.0993601
              ],
              [
                -129.9570061,
                55.150569499999996
              ],
              [
                -129.999179,
                55.240938899999996
              ],
              [
                -130.11364665000002,
                55.259012999999996
              ],
              [
                -130.13172075,
                55.40360415
              ],
              [
                -130.1738931,
                55.475899999999996
              ],
              [
                -130.2522131,
                55.4246906
              ],
              [
                -130.2823366,
                55.506022949999995
              ],
              [
                -130.20100425,
                55.54518295
              ],
              [
                -130.26727485,
                55.63856525
              ],
              [
                -130.22811485,
                55.65965115
              ]
            ]
          ],
          [
            [
              [
                -130.30643485,
                55.22286535
              ],
              [
                -130.20100425,
                55.18671715
              ],
              [
                -130.1287084,
                55.231902399999996
              ],
              [
                -130.05641255,
                55.210815950000004
              ],
              [
                -130.13172075,
                55.1294836
              ],
              [
                -130.2492013,
                55.153581849999995
              ],
              [
                -130.30643485,
                55.22286535
              ]
            ]
          ],
          [
            [
              [
                -130.39981715000002,
                55.97895695
              ],
              [
                -130.47813715,
                56.0331787
              ],
              [
                -130.38776775000002,
                56.06932635
              ],
              [
                -130.08954839999998,
                56.01811695
              ],
              [
                -129.9570061,
                56.0211293
              ],
              [
                -129.86362435,
                55.918710499999996
              ],
              [
                -129.6919226,
                55.8343658
              ],
              [
                -129.70999615,
                55.771107
              ],
              [
                -129.80036555,
                55.7379717
              ],
              [
                -129.9238708,
                55.7530329
              ],
              [
                -130.01122785,
                55.7138729
              ],
              [
                -130.13172075,
                55.7379717
              ],
              [
                -130.2642625,
                55.7138729
              ],
              [
                -130.29137365,
                55.8434023
              ],
              [
                -130.27932425,
                55.92774755
              ],
              [
                -130.3787307,
                55.9307599
              ],
              [
                -130.39981715000002,
                55.97895695
              ]
            ]
          ],
          [
            [
              [
                -130.5142848,
                55.731947
              ],
              [
                -130.589593,
                55.77411935
              ],
              [
                -130.67092535,
                55.86448875
              ],
              [
                -130.6799624,
                55.93377225
              ],
              [
                -130.61369125,
                55.96690755
              ],
              [
                -130.54440830000001,
                55.93377225
              ],
              [
                -130.52934654999999,
                55.99100635
              ],
              [
                -130.31245955,
                55.89159935
              ],
              [
                -130.29137365,
                55.79520525
              ],
              [
                -130.3666813,
                55.7831564
              ],
              [
                -130.41487835,
                55.6747129
              ],
              [
                -130.3606566,
                55.6445894
              ],
              [
                -130.42692775,
                55.51807235
              ],
              [
                -130.51127245,
                55.54518295
              ],
              [
                -130.52332185,
                55.46686295
              ],
              [
                -130.5775436,
                55.506022949999995
              ],
              [
                -130.6106789,
                55.65965115
              ],
              [
                -130.5142848,
                55.731947
              ]
            ]
          ],
          [
            [
              [
                -130.8004553,
                55.6235035
              ],
              [
                -130.81852885,
                55.5602447
              ],
              [
                -130.89383705,
                55.59639235
              ],
              [
                -131.09867465,
                55.8403905
              ],
              [
                -131.22820405000002,
                55.9126858
              ],
              [
                -131.18301935,
                55.9699199
              ],
              [
                -131.23422875,
                56.10848635
              ],
              [
                -131.3788199,
                56.2199422
              ],
              [
                -131.2312164,
                56.3283857
              ],
              [
                -131.16494525000002,
                56.283201
              ],
              [
                -131.03541585,
                56.2470528
              ],
              [
                -130.9179353,
                56.24102865
              ],
              [
                -130.91492295,
                56.15367105
              ],
              [
                -130.8004553,
                55.8675011
              ],
              [
                -130.8004553,
                55.6235035
              ]
            ]
          ],
          [
            [
              [
                -130.84262765,
                56.68986385
              ],
              [
                -130.65586415,
                56.6476915
              ],
              [
                -130.54742065000002,
                56.653715649999995
              ],
              [
                -130.55344535,
                56.6115433
              ],
              [
                -130.3968048,
                56.46092745
              ],
              [
                -130.50524775,
                56.48502625
              ],
              [
                -130.5323589,
                56.43381685
              ],
              [
                -130.41487835,
                56.3554963
              ],
              [
                -130.3787307,
                56.21692985
              ],
              [
                -130.49621125000002,
                56.180782199999996
              ],
              [
                -130.53537125000003,
                56.13258515
              ],
              [
                -130.72514710000002,
                56.0331787
              ],
              [
                -130.7823812,
                56.03619105
              ],
              [
                -130.80648,
                56.1416222
              ],
              [
                -130.76731945,
                56.20488045
              ],
              [
                -130.78539355,
                56.298262199999996
              ],
              [
                -130.85166470000001,
                56.4127304
              ],
              [
                -130.83961530000002,
                56.47297685
              ],
              [
                -130.88178765,
                56.62058035
              ],
              [
                -130.9540835,
                56.68383915
              ],
              [
                -130.9751694,
                56.792282650000004
              ],
              [
                -130.84262765,
                56.68986385
              ]
            ]
          ],
          [
            [
              [
                -131.47220165000002,
                56.19885575
              ],
              [
                -131.39388165,
                56.19885575
              ],
              [
                -131.3125493,
                56.0994493
              ],
              [
                -131.34869695,
                56.03016635
              ],
              [
                -131.47220165000002,
                56.0151046
              ],
              [
                -131.4541281,
                56.1235481
              ],
              [
                -131.47220165000002,
                56.19885575
              ]
            ]
          ],
          [
            [
              [
                -131.7041504,
                56.6808268
              ],
              [
                -131.5384728,
                56.67781445
              ],
              [
                -131.4300293,
                56.7260115
              ],
              [
                -131.27338875,
                56.65974035
              ],
              [
                -131.35773400000002,
                56.58744505
              ],
              [
                -131.3276105,
                56.5603339
              ],
              [
                -131.2492905,
                56.641666799999996
              ],
              [
                -131.05951465,
                56.61455565
              ],
              [
                -130.9540835,
                56.5543092
              ],
              [
                -131.0143294,
                56.44586625
              ],
              [
                -130.96613235,
                56.4368292
              ],
              [
                -130.90287410000002,
                56.292238049999995
              ],
              [
                -131.04746525,
                56.271151599999996
              ],
              [
                -131.3155611,
                56.38863215
              ],
              [
                -131.30652460000002,
                56.26813925
              ],
              [
                -131.3908693,
                56.2199422
              ],
              [
                -131.49027575,
                56.24102865
              ],
              [
                -131.5505222,
                56.3163363
              ],
              [
                -131.6649904,
                56.3675457
              ],
              [
                -131.75234745,
                56.47297685
              ],
              [
                -131.8638033,
                56.5211739
              ],
              [
                -131.8577786,
                56.60853095
              ],
              [
                -131.7824704,
                56.63865445
              ],
              [
                -131.75837215,
                56.713962099999996
              ],
              [
                -131.7041504,
                56.6808268
              ]
            ]
          ],
          [
            [
              [
                -137.64443970000002,
                57.7773101
              ],
              [
                -137.87638845,
                57.638743649999995
              ],
              [
                -137.894462,
                57.5845219
              ],
              [
                -138.08122605,
                57.54837425
              ],
              [
                -138.0420655,
                57.63271895
              ],
              [
                -137.84024025,
                57.720076
              ],
              [
                -137.7137232,
                57.816470100000004
              ],
              [
                -137.64443970000002,
                57.7773101
              ]
            ]
          ],
          [
            [
              [
                -137.90952375,
                57.98516005
              ],
              [
                -137.9396467,
                57.87069185
              ],
              [
                -138.01796725,
                57.75321185
              ],
              [
                -138.12641075,
                57.79237185
              ],
              [
                -138.0360408,
                57.92792595
              ],
              [
                -137.90952375,
                57.98516005
              ]
            ]
          ],
          [
            [
              [
                -138.03302845000002,
                63.30190005
              ],
              [
                -137.9757949,
                63.27780125
              ],
              [
                -137.68962439999999,
                63.253703
              ],
              [
                -137.53900855,
                63.2687642
              ],
              [
                -137.3311586,
                63.2687642
              ],
              [
                -137.10523510000002,
                63.2476783
              ],
              [
                -136.9726928,
                63.2597277
              ],
              [
                -136.8431634,
                63.214543
              ],
              [
                -136.60820285,
                63.1633336
              ],
              [
                -136.2919094,
                63.151284200000006
              ],
              [
                -136.20455235,
                63.18140715
              ],
              [
                -135.99369005,
                63.199481250000005
              ],
              [
                -135.90332065,
                63.23864125
              ],
              [
                -135.67438425,
                63.24466595
              ],
              [
                -135.6773966,
                63.2175548
              ],
              [
                -135.5418425,
                63.23261655
              ],
              [
                -135.26169670000002,
                63.190444199999995
              ],
              [
                -135.07192085,
                63.1211607
              ],
              [
                -134.8941944,
                63.0880254
              ],
              [
                -134.85503385,
                63.05790245
              ],
              [
                -134.69236915000002,
                63.05187775
              ],
              [
                -134.53874095,
                63.00066835
              ],
              [
                -134.50861745,
                62.9675325
              ],
              [
                -134.4152357,
                62.99464365
              ],
              [
                -134.3007675,
                62.973557199999995
              ],
              [
                -134.3007675,
                57.8345442
              ],
              [
                -134.0447205,
                57.789359499999996
              ],
              [
                -134.0115852,
                57.83755655
              ],
              [
                -133.7434888,
                57.76827305
              ],
              [
                -133.58383645,
                57.855630649999995
              ],
              [
                -133.2494689,
                57.86466715
              ],
              [
                -133.30971535,
                57.71706365
              ],
              [
                -133.22537065,
                57.665854249999995
              ],
              [
                -133.03559425,
                57.6176572
              ],
              [
                -132.99342190000002,
                57.5393372
              ],
              [
                -132.43313085,
                57.2501549
              ],
              [
                -132.34577380000002,
                57.066403199999996
              ],
              [
                -132.24636735,
                57.1176126
              ],
              [
                -132.0053821,
                57.204969649999995
              ],
              [
                -131.86982745,
                57.207982
              ],
              [
                -131.8065692,
                57.27425315
              ],
              [
                -131.8125939,
                57.3736596
              ],
              [
                -131.7161998,
                57.3736596
              ],
              [
                -131.692101,
                57.46101665
              ],
              [
                -131.52039870000002,
                57.4821031
              ],
              [
                -131.2643517,
                57.5574113
              ],
              [
                -131.0143294,
                57.42788135
              ],
              [
                -131.0384282,
                57.34956135
              ],
              [
                -130.97818175,
                57.2712408
              ],
              [
                -130.83660294999999,
                57.25316725
              ],
              [
                -130.65887595,
                57.1356867
              ],
              [
                -130.67092535,
                57.1025514
              ],
              [
                -130.589593,
                57.0392926
              ],
              [
                -130.36366895,
                56.96699675
              ],
              [
                -129.99616665,
                56.650703299999996
              ],
              [
                -129.9419449,
                56.5663586
              ],
              [
                -129.8274767,
                56.4820139
              ],
              [
                -129.65878675,
                56.2952504
              ],
              [
                -129.49009735,
                56.135597499999996
              ],
              [
                -129.5533556,
                56.06932635
              ],
              [
                -129.37864150000001,
                56.04522755
              ],
              [
                -129.42081385,
                55.948833449999995
              ],
              [
                -129.27923505,
                55.90967345
              ],
              [
                -129.26116095,
                55.7982176
              ],
              [
                -129.11958215,
                55.8042423
              ],
              [
                -128.8484734,
                55.6897741
              ],
              [
                -128.679784,
                55.6686882
              ],
              [
                -128.5924264,
                55.614466449999995
              ],
              [
                -128.5080817,
                55.5994047
              ],
              [
                -128.4839829,
                55.54518295
              ],
              [
                -128.30625645,
                55.53012175
              ],
              [
                -128.25203470000002,
                55.4638506
              ],
              [
                -128.33336705,
                55.34034535
              ],
              [
                -128.3213182,
                55.23792655
              ],
              [
                -128.24299765,
                55.06923715
              ],
              [
                -128.3032441,
                55.0270648
              ],
              [
                -128.43578585,
                54.8734366
              ],
              [
                -128.6285746,
                54.76198075
              ],
              [
                -128.68279635,
                54.819214849999994
              ],
              [
                -128.75509165,
                54.801140749999995
              ],
              [
                -128.80630105,
                54.91560895
              ],
              [
                -128.7912393,
                54.963806
              ],
              [
                -128.85148575000002,
                55.0210401
              ],
              [
                -128.7249687,
                55.08128655
              ],
              [
                -128.76111635,
                55.102372450000004
              ],
              [
                -128.88763395,
                55.0270648
              ],
              [
                -128.9569169,
                55.075261850000004
              ],
              [
                -129.03523745,
                55.048150699999994
              ],
              [
                -129.2641733,
                55.168643599999996
              ],
              [
                -129.1858533,
                55.30118535
              ],
              [
                -129.33044445000002,
                55.25600065
              ],
              [
                -129.33646915,
                55.1897295
              ],
              [
                -129.45093680000002,
                55.240938899999996
              ],
              [
                -129.4750356,
                55.3041977
              ],
              [
                -129.39671505,
                55.3734812
              ],
              [
                -129.42081385,
                55.44276415
              ],
              [
                -129.52925735,
                55.385530599999996
              ],
              [
                -129.63770085,
                55.5090353
              ],
              [
                -129.70397145,
                55.48493705
              ],
              [
                -129.74614435,
                55.587355849999994
              ],
              [
                -129.6407132,
                55.65362645
              ],
              [
                -129.5382944,
                55.65362645
              ],
              [
                -129.56841735,
                55.73495935
              ],
              [
                -129.51419560000002,
                55.8403905
              ],
              [
                -129.5985403,
                55.83737815
              ],
              [
                -129.77325495,
                55.92774755
              ],
              [
                -129.89676020000002,
                56.03619105
              ],
              [
                -130.1859425,
                56.114511050000004
              ],
              [
                -130.1799178,
                56.3344104
              ],
              [
                -130.27329955000002,
                56.361521
              ],
              [
                -130.2522131,
                56.451890399999996
              ],
              [
                -130.34860775,
                56.4759892
              ],
              [
                -130.49018655,
                56.596482099999996
              ],
              [
                -130.52934654999999,
                56.65974035
              ],
              [
                -130.77334415,
                56.6808268
              ],
              [
                -131.04144055,
                56.843492049999995
              ],
              [
                -131.15590875,
                57.22304375
              ],
              [
                -131.21013050000002,
                57.1356867
              ],
              [
                -131.1860317,
                57.05736615
              ],
              [
                -131.0775882,
                56.9067503
              ],
              [
                -131.10469935,
                56.88265205
              ],
              [
                -131.03240350000002,
                56.759146799999996
              ],
              [
                -131.04746525,
                56.67781445
              ],
              [
                -131.1528964,
                56.69588855
              ],
              [
                -131.2372411,
                56.78625795
              ],
              [
                -131.34869695,
                56.80131915
              ],
              [
                -131.5053375,
                56.7772209
              ],
              [
                -131.50232515000002,
                56.9067503
              ],
              [
                -131.59871925000002,
                57.0151938
              ],
              [
                -131.6860763,
                56.9820585
              ],
              [
                -132.0324927,
                57.0965267
              ],
              [
                -132.0626162,
                57.06339085
              ],
              [
                -131.8728398,
                57.0272432
              ],
              [
                -131.7252363,
                56.9368738
              ],
              [
                -131.66800220000002,
                56.93386145
              ],
              [
                -131.64992865000002,
                56.8615656
              ],
              [
                -131.57462045,
                56.7772209
              ],
              [
                -131.76439685,
                56.72902385
              ],
              [
                -131.87585215000001,
                56.759146799999996
              ],
              [
                -131.87886450000002,
                56.68383915
              ],
              [
                -132.02345565000002,
                56.74107325
              ],
              [
                -132.07165270000002,
                56.7832456
              ],
              [
                -132.16202264999998,
                56.7832456
              ],
              [
                -132.41204495,
                56.8916891
              ],
              [
                -132.5957961,
                56.9880832
              ],
              [
                -132.6138702,
                57.0453173
              ],
              [
                -132.71628900000002,
                57.129662
              ],
              [
                -132.9994466,
                57.18990845
              ],
              [
                -133.15608715000002,
                57.25316725
              ],
              [
                -133.43020825000002,
                57.32546255
              ],
              [
                -133.61094705,
                57.39474605
              ],
              [
                -133.59588530000002,
                57.4700537
              ],
              [
                -133.54467590000002,
                57.44595545
              ],
              [
                -133.48443,
                57.4941525
              ],
              [
                -133.54467590000002,
                57.602596
              ],
              [
                -133.46936825,
                57.6628419
              ],
              [
                -133.5055159,
                57.68995305
              ],
              [
                -133.64107,
                57.57548485
              ],
              [
                -133.92422815,
                57.500177199999996
              ],
              [
                -134.2616075,
                57.527287799999996
              ],
              [
                -134.54476565000002,
                57.5965713
              ],
              [
                -134.5568145,
                57.65079305
              ],
              [
                -134.6893568,
                57.638743649999995
              ],
              [
                -134.8309356,
                57.67790365
              ],
              [
                -135.14722905,
                57.7140513
              ],
              [
                -135.3309802,
                57.71706365
              ],
              [
                -135.74366775000001,
                57.6869407
              ],
              [
                -135.89127125000002,
                57.665854249999995
              ],
              [
                -136.07803475,
                57.744174799999996
              ],
              [
                -136.30998350000002,
                57.78032245
              ],
              [
                -136.38227880000002,
                57.8285195
              ],
              [
                -136.40938995,
                57.9098524
              ],
              [
                -136.5690423,
                57.9038277
              ],
              [
                -136.62326405000002,
                57.83153185
              ],
              [
                -136.9064222,
                57.92792595
              ],
              [
                -136.9516069,
                57.9700983
              ],
              [
                -137.24380155,
                57.8917783
              ],
              [
                -137.38538035,
                57.79839655
              ],
              [
                -137.4456268,
                57.8857536
              ],
              [
                -137.38538035,
                57.93395065
              ],
              [
                -137.30103565,
                57.92190125
              ],
              [
                -137.0239022,
                57.98516005
              ],
              [
                -137.0600504,
                58.0333571
              ],
              [
                -137.18957980000002,
                58.00925885
              ],
              [
                -137.2407892,
                58.0725171
              ],
              [
                -137.3612821,
                58.08155415
              ],
              [
                -137.48177445000002,
                58.24120705
              ],
              [
                -137.52695915,
                58.20204705
              ],
              [
                -137.69564910000003,
                58.1809606
              ],
              [
                -137.74987085,
                58.20204705
              ],
              [
                -137.80710495,
                58.15083765
              ],
              [
                -138.01796725,
                58.168911200000004
              ],
              [
                -138.02700430000002,
                58.11167765
              ],
              [
                -138.1685831,
                58.096615899999996
              ],
              [
                -138.2348537,
                58.1177018
              ],
              [
                -138.18665665,
                58.2201206
              ],
              [
                -138.2469031,
                58.217108249999995
              ],
              [
                -138.3432972,
                58.1086653
              ],
              [
                -138.21075545000002,
                58.0725171
              ],
              [
                -138.19870605,
                57.9941971
              ],
              [
                -138.1173737,
                57.9098524
              ],
              [
                -138.16557075,
                57.81948245
              ],
              [
                -138.2710019,
                57.84960595
              ],
              [
                -138.30112485,
                57.804421250000004
              ],
              [
                -138.19870605,
                57.78634715
              ],
              [
                -138.14147195,
                57.665854249999995
              ],
              [
                -138.28907544999998,
                57.641756
              ],
              [
                -138.37040835000002,
                57.665854249999995
              ],
              [
                -138.49993775,
                57.63271895
              ],
              [
                -138.5662089,
                57.65982955
              ],
              [
                -138.7379112,
                57.65681775
              ],
              [
                -138.7318865,
                57.70200245
              ],
              [
                -138.81321885,
                57.67187895
              ],
              [
                -138.85840355,
                57.61464485
              ],
              [
                -138.9306994,
                57.665854249999995
              ],
              [
                -139.02106880000002,
                57.59355895
              ],
              [
                -138.9819088,
                57.5604231
              ],
              [
                -139.10842585,
                57.51825075
              ],
              [
                -139.22289405,
                57.51222605
              ],
              [
                -139.26807875,
                57.4549925
              ],
              [
                -139.39158400000002,
                57.4037831
              ],
              [
                -139.4759287,
                57.421856649999995
              ],
              [
                -139.56931045000002,
                57.3616102
              ],
              [
                -139.64461865,
                57.36462255
              ],
              [
                -139.80125865,
                57.24111785
              ],
              [
                -139.9699486,
                57.2320808
              ],
              [
                -140.02417035,
                57.2712408
              ],
              [
                -140.12658915,
                57.204969649999995
              ],
              [
                -140.33745145,
                57.25617905
              ],
              [
                -140.2892544,
                57.34956135
              ],
              [
                -140.15068795000002,
                57.38269665
              ],
              [
                -140.06031800000002,
                57.37667195
              ],
              [
                -140.0332074,
                57.4128196
              ],
              [
                -139.87054215,
                57.48511545
              ],
              [
                -139.86451745,
                57.545361899999996
              ],
              [
                -140.0783921,
                57.464029
              ],
              [
                -140.25611855,
                57.51222605
              ],
              [
                -140.277205,
                57.545361899999996
              ],
              [
                -140.1868356,
                57.68392835
              ],
              [
                -140.0332074,
                57.7833348
              ],
              [
                -140.00910860000002,
                57.86466715
              ],
              [
                -139.9639239,
                57.879728899999996
              ],
              [
                -139.94585035,
                57.96708595
              ],
              [
                -140.02417035,
                58.0634806
              ],
              [
                -139.8343945,
                58.099628249999995
              ],
              [
                -139.47291635000002,
                58.2381947
              ],
              [
                -139.3855593,
                58.18397295
              ],
              [
                -139.27410345,
                58.168911200000004
              ],
              [
                -139.10842585,
                58.2261453
              ],
              [
                -139.29217755,
                58.3014535
              ],
              [
                -139.36447285,
                58.3586876
              ],
              [
                -139.509064,
                58.3526629
              ],
              [
                -139.6114828,
                58.3797735
              ],
              [
                -139.6416063,
                58.35567525
              ],
              [
                -139.81330805,
                58.3165147
              ],
              [
                -139.8916286,
                58.24120705
              ],
              [
                -140.06333035,
                58.22313295
              ],
              [
                -140.24105735,
                58.1357759
              ],
              [
                -140.2591309,
                58.078541799999996
              ],
              [
                -140.39468555,
                58.04841885
              ],
              [
                -140.4248085,
                57.98516005
              ],
              [
                -140.5212026,
                57.94600005
              ],
              [
                -140.5663873,
                57.8345442
              ],
              [
                -140.75315135,
                57.76224835
              ],
              [
                -140.6627814,
                57.7050148
              ],
              [
                -140.7380896,
                57.62066955
              ],
              [
                -140.9128037,
                57.60560835
              ],
              [
                -140.92786545,
                57.49716485
              ],
              [
                -141.09053070000002,
                57.4580043
              ],
              [
                -141.1417401,
                57.50318955
              ],
              [
                -141.22307245,
                57.418844299999996
              ],
              [
                -141.31946655000002,
                57.41583195
              ],
              [
                -141.301393,
                57.35558605
              ],
              [
                -141.51526765,
                57.31943785
              ],
              [
                -141.55744,
                57.1537608
              ],
              [
                -141.3134424,
                57.14472375
              ],
              [
                -141.12065365,
                57.09953905
              ],
              [
                -141.0664319,
                57.0453173
              ],
              [
                -141.14475245,
                56.957959699999996
              ],
              [
                -141.27428185,
                56.90373795
              ],
              [
                -141.39477475,
                56.900726150000004
              ],
              [
                -141.40682415,
                56.852528549999995
              ],
              [
                -141.48514415,
                56.834455
              ],
              [
                -141.4489965,
                56.77420855
              ],
              [
                -141.53032885,
                56.68383915
              ],
              [
                -141.70504350000002,
                56.5994939
              ],
              [
                -141.80444995,
                56.5994939
              ],
              [
                -141.90084405000002,
                56.56937095
              ],
              [
                -141.9942258,
                56.57539565
              ],
              [
                -142.06652165,
                56.54226035
              ],
              [
                -142.0454352,
                56.49707565
              ],
              [
                -142.1809893,
                56.47297685
              ],
              [
                -142.20810045000002,
                56.406705699999996
              ],
              [
                -142.3014822,
                56.44887805
              ],
              [
                -142.403901,
                56.31934865
              ],
              [
                -142.5756033,
                56.3283857
              ],
              [
                -142.56355390000002,
                56.2591022
              ],
              [
                -142.6659727,
                56.2771763
              ],
              [
                -142.738268,
                56.2470528
              ],
              [
                -142.738268,
                56.15367105
              ],
              [
                -142.8527362,
                56.0090799
              ],
              [
                -143.03648735000002,
                55.99100635
              ],
              [
                -143.1871032,
                55.9247352
              ],
              [
                -143.21120200000001,
                55.88858755
              ],
              [
                -143.3075961,
                55.93979695
              ],
              [
                -143.47026135000002,
                55.80122995
              ],
              [
                -143.51544605,
                55.8403905
              ],
              [
                -143.60581545000002,
                55.828341099999996
              ],
              [
                -143.6269019,
                55.75002055
              ],
              [
                -143.72028365,
                55.719897599999996
              ],
              [
                -143.8317395,
                55.731947
              ],
              [
                -143.91909655,
                55.65362645
              ],
              [
                -143.76546835000002,
                55.629528199999996
              ],
              [
                -143.93114595,
                55.45481355
              ],
              [
                -144.40709175,
                55.397579449999995
              ],
              [
                -144.53963405,
                55.24395125
              ],
              [
                -144.57276935000002,
                55.277087099999996
              ],
              [
                -144.55469525,
                55.3734812
              ],
              [
                -144.64807755,
                55.3885424
              ],
              [
                -144.76555755,
                55.35239475
              ],
              [
                -144.78363165000002,
                55.31323475
              ],
              [
                -144.9673828,
                55.24997595
              ],
              [
                -145.04570335,
                55.17768065
              ],
              [
                -145.0698016,
                55.22889005
              ],
              [
                -145.11799865,
                55.168643599999996
              ],
              [
                -145.22644215,
                55.2078036
              ],
              [
                -145.4282674,
                55.11442185
              ],
              [
                -145.57888325,
                55.1174342
              ],
              [
                -145.5577968,
                55.1897295
              ],
              [
                -145.62406795,
                55.259012999999996
              ],
              [
                -145.6843144,
                55.2017789
              ],
              [
                -145.67828970000002,
                55.14153245
              ],
              [
                -145.88011495,
                54.9577813
              ],
              [
                -145.94939845000002,
                55.002966
              ],
              [
                -145.97048435000002,
                54.933682499999996
              ],
              [
                -146.10905135000002,
                54.9457319
              ],
              [
                -146.13013725000002,
                55.0541754
              ],
              [
                -146.21448195,
                55.0782742
              ],
              [
                -146.24460545000002,
                55.03911365
              ],
              [
                -146.16929725,
                54.9909166
              ],
              [
                -146.20544545,
                54.91560895
              ],
              [
                -146.31690075,
                54.87644895
              ],
              [
                -146.40124600000001,
                54.96079365
              ],
              [
                -146.5036648,
                54.96681835
              ],
              [
                -146.52173835,
                54.933682499999996
              ],
              [
                -146.41931955,
                54.88548545
              ],
              [
                -146.6060836,
                54.80716545
              ],
              [
                -146.479566,
                54.786079
              ],
              [
                -146.47655365,
                54.74993135
              ],
              [
                -146.58198480000001,
                54.7770425
              ],
              [
                -146.7235636,
                54.70474665
              ],
              [
                -146.9976847,
                54.707758999999996
              ],
              [
                -147.1332388,
                54.65956195
              ],
              [
                -147.1452882,
                54.6234143
              ],
              [
                -147.30192875,
                54.581241399999996
              ],
              [
                -147.41639695,
                54.59630315
              ],
              [
                -147.45555695000002,
                54.69872195
              ],
              [
                -147.34108875,
                54.73185725
              ],
              [
                -147.2537317,
                54.8553625
              ],
              [
                -147.1392635,
                54.858374850000004
              ],
              [
                -146.89225355,
                54.9397072
              ],
              [
                -146.69344065,
                54.94271955
              ],
              [
                -146.618133,
                54.86439955
              ],
              [
                -146.5608989,
                54.92163365
              ],
              [
                -146.57294775,
                54.98790425
              ],
              [
                -146.4584801,
                55.01802775
              ],
              [
                -146.33497485,
                55.01802775
              ],
              [
                -146.16929725,
                55.1626189
              ],
              [
                -145.9855461,
                55.2921483
              ],
              [
                -145.74456085,
                55.4066165
              ],
              [
                -145.4614027,
                55.4578259
              ],
              [
                -145.3439227,
                55.43372765
              ],
              [
                -145.2294545,
                55.46686295
              ],
              [
                -145.19933155,
                55.4186659
              ],
              [
                -145.2625898,
                55.36444415
              ],
              [
                -145.19330685,
                55.3222718
              ],
              [
                -145.17222040000001,
                55.3885424
              ],
              [
                -145.0306416,
                55.394567099999996
              ],
              [
                -144.9914816,
                55.35239475
              ],
              [
                -144.904124,
                55.337333
              ],
              [
                -144.90111165,
                55.3885424
              ],
              [
                -145.04570335,
                55.43372765
              ],
              [
                -145.0577522,
                55.4638506
              ],
              [
                -144.9613581,
                55.6054294
              ],
              [
                -144.8318287,
                55.6867623
              ],
              [
                -144.65711405000002,
                55.7650823
              ],
              [
                -144.37998115,
                55.8343658
              ],
              [
                -144.1781559,
                55.93377225
              ],
              [
                -144.0817618,
                55.897624050000005
              ],
              [
                -144.00344125,
                55.9126858
              ],
              [
                -144.03657710000002,
                55.9759446
              ],
              [
                -144.0124783,
                56.03619105
              ],
              [
                -143.8588501,
                56.162708099999996
              ],
              [
                -143.6479878,
                56.244041
              ],
              [
                -143.4792984,
                56.35248395
              ],
              [
                -143.4883349,
                56.4127304
              ],
              [
                -143.3527808,
                56.840479699999996
              ],
              [
                -143.1419185,
                56.95494735
              ],
              [
                -143.16601730000002,
                57.0453173
              ],
              [
                -143.6720866,
                56.91578735
              ],
              [
                -143.8317395,
                56.9308491
              ],
              [
                -143.8708995,
                56.98507085
              ],
              [
                -143.9612689,
                57.0091691
              ],
              [
                -143.9913924,
                57.069415549999995
              ],
              [
                -144.07272475,
                57.04230495
              ],
              [
                -144.12393415,
                56.948923199999996
              ],
              [
                -144.03657710000002,
                56.83144265
              ],
              [
                -144.14200825,
                56.78023325
              ],
              [
                -144.23539,
                56.79830735
              ],
              [
                -144.41612880000002,
                56.98507085
              ],
              [
                -144.53963405,
                57.0784526
              ],
              [
                -144.6028923,
                57.0784526
              ],
              [
                -144.6450652,
                57.0091691
              ],
              [
                -144.6992864,
                56.99712025
              ],
              [
                -144.7806193,
                57.0543538
              ],
              [
                -144.88002575000002,
                57.06339085
              ],
              [
                -144.92521045,
                57.156772600000004
              ],
              [
                -145.22041745,
                57.051342
              ],
              [
                -145.4855015,
                56.976033799999996
              ],
              [
                -145.50658795,
                56.93386145
              ],
              [
                -145.71443735,
                56.870602649999995
              ],
              [
                -145.81685615,
                56.92783675
              ],
              [
                -145.72347440000001,
                56.9941079
              ],
              [
                -145.75661025,
                57.15074845
              ],
              [
                -145.8258932,
                57.316425499999994
              ],
              [
                -145.68732675,
                57.385709
              ],
              [
                -145.80179495,
                57.52427545
              ],
              [
                -145.90120140000002,
                57.602596
              ],
              [
                -145.9795214,
                57.71706365
              ],
              [
                -146.09700195000002,
                57.7652607
              ],
              [
                -146.1271249,
                57.665854249999995
              ],
              [
                -146.2687037,
                57.64476835
              ],
              [
                -146.49462775,
                57.58150955
              ],
              [
                -146.7657365,
                57.55439895
              ],
              [
                -146.91334,
                57.5604231
              ],
              [
                -147.03985705,
                57.59355895
              ],
              [
                -147.0549188,
                57.680915999999996
              ],
              [
                -147.16336230000002,
                57.70802715
              ],
              [
                -147.33506405,
                57.8285195
              ],
              [
                -147.4796552,
                57.852618299999996
              ],
              [
                -147.64834515,
                57.98516005
              ],
              [
                -147.53387695,
                58.0454065
              ],
              [
                -147.5097787,
                58.15686235
              ],
              [
                -147.59713575,
                58.13276355
              ],
              [
                -147.60918515,
                58.20204705
              ],
              [
                -147.5670128,
                58.25928115
              ],
              [
                -147.67846865,
                58.31049055
              ],
              [
                -147.6905175,
                58.2562688
              ],
              [
                -147.82607215000002,
                58.277354700000004
              ],
              [
                -147.8441457,
                58.37073645
              ],
              [
                -147.94957685,
                58.38278585
              ],
              [
                -148.00681095,
                58.44604465
              ],
              [
                -148.0037986,
                58.52436465
              ],
              [
                -148.10922975,
                58.488217
              ],
              [
                -148.12730385,
                58.5635252
              ],
              [
                -147.9977739,
                58.58159875
              ],
              [
                -148.10320505,
                58.665943999999996
              ],
              [
                -147.91644155,
                58.67196815
              ],
              [
                -147.91644155,
                58.77438695
              ],
              [
                -147.87125685,
                58.84367045
              ],
              [
                -147.52484045,
                59.0635698
              ],
              [
                -147.4525446,
                59.1298404
              ],
              [
                -147.4013352,
                59.11779155
              ],
              [
                -147.43145815000003,
                59.2111733
              ],
              [
                -147.2989164,
                59.3708262
              ],
              [
                -147.1844482,
                59.43408445
              ],
              [
                -146.9705741,
                59.461195599999996
              ],
              [
                -146.8048965,
                59.43408445
              ],
              [
                -146.57294775,
                59.337690349999995
              ],
              [
                -146.42233190000002,
                59.34973975
              ],
              [
                -146.21448195,
                59.4431215
              ],
              [
                -146.00060785,
                59.584700299999994
              ],
              [
                -145.89216435,
                59.599762049999995
              ],
              [
                -145.8650532,
                59.5636144
              ],
              [
                -145.60599440000001,
                59.5636144
              ],
              [
                -145.377058,
                59.59373735
              ],
              [
                -145.17222040000001,
                59.74134085
              ],
              [
                -145.17222040000001,
                59.77748905
              ],
              [
                -145.2746392,
                59.9160555
              ],
              [
                -145.28668860000002,
                59.99738785
              ],
              [
                -145.44634150000002,
                60.0847449
              ],
              [
                -145.50658795,
                60.1600531
              ],
              [
                -145.3439227,
                60.13896664999999
              ],
              [
                -145.1902945,
                60.20222545
              ],
              [
                -145.18125745,
                60.2624719
              ],
              [
                -145.38007035,
                60.37392775
              ],
              [
                -145.52767385,
                60.286570149999996
              ],
              [
                -145.6662403,
                60.3016319
              ],
              [
                -145.79577025,
                60.253434850000005
              ],
              [
                -145.94337375,
                60.241385449999996
              ],
              [
                -145.9795214,
                60.208250150000005
              ],
              [
                -146.14821135,
                60.1600531
              ],
              [
                -146.19942075,
                60.078720749999995
              ],
              [
                -146.28376545,
                60.0455849
              ],
              [
                -146.32292544999999,
                60.141979
              ],
              [
                -146.42534425,
                60.16306545
              ],
              [
                -146.4976401,
                60.087757249999996
              ],
              [
                -146.53981245,
                60.123905449999995
              ],
              [
                -146.72958830000002,
                60.1781272
              ],
              [
                -147.1181776,
                60.17511485
              ],
              [
                -147.3953105,
                60.1148684
              ],
              [
                -147.50074165,
                60.10583135
              ],
              [
                -147.7266657,
                60.141979
              ],
              [
                -148.15441445,
                60.184151899999996
              ],
              [
                -148.26587030000002,
                60.2172872
              ],
              [
                -148.31707970000002,
                60.27150895
              ],
              [
                -148.2779197,
                60.3468166
              ],
              [
                -148.4315479,
                60.4100754
              ],
              [
                -148.40142440000002,
                60.4793589
              ],
              [
                -148.3050303,
                60.51550655
              ],
              [
                -148.3351538,
                60.6028636
              ],
              [
                -148.48878145,
                60.6028636
              ],
              [
                -148.61529905,
                60.6269624
              ],
              [
                -148.862309,
                60.64503595
              ],
              [
                -148.99183895000002,
                60.6902212
              ],
              [
                -149.19065185,
                60.735405899999996
              ],
              [
                -149.20872540000002,
                60.792639449999996
              ],
              [
                -148.89845665,
                60.867947650000005
              ],
              [
                -148.50685555,
                60.9944647
              ],
              [
                -148.23273500000002,
                61.0697729
              ],
              [
                -148.07609445,
                61.02760055
              ],
              [
                -147.91644155,
                61.018563500000006
              ],
              [
                -147.8802939,
                61.07880995
              ],
              [
                -147.976688,
                61.087847000000004
              ],
              [
                -147.9857245,
                61.1390564
              ],
              [
                -147.60316045000002,
                61.2234011
              ],
              [
                -147.17239935,
                61.286659900000004
              ],
              [
                -146.94045060000002,
                61.2926846
              ],
              [
                -146.81393355,
                61.271598149999996
              ],
              [
                -146.88020415,
                61.18122875
              ],
              [
                -146.85610590000002,
                61.117969949999996
              ],
              [
                -146.90430295,
                61.07278525
              ],
              [
                -146.82297005,
                61.0004894
              ],
              [
                -146.6723542,
                61.012538799999994
              ],
              [
                -146.48257835,
                61.0004894
              ],
              [
                -146.26267955,
                61.01555114999999
              ],
              [
                -146.19942075,
                60.98844055
              ],
              [
                -146.0548296,
                60.98241585
              ],
              [
                -145.928312,
                61.009526449999996
              ],
              [
                -145.7626344,
                60.979403500000004
              ],
              [
                -145.60298205,
                61.09989585
              ],
              [
                -145.48851385,
                61.10592055
              ],
              [
                -145.4101933,
                61.0818223
              ],
              [
                -145.37103330000002,
                61.15110525
              ],
              [
                -145.59093265,
                61.1842411
              ],
              [
                -145.80179495,
                61.15712995
              ],
              [
                -145.7807085,
                61.247499350000005
              ],
              [
                -145.9463861,
                61.343894000000006
              ],
              [
                -146.1271249,
                61.37401695
              ],
              [
                -146.18134665000002,
                61.461374000000006
              ],
              [
                -146.03976785,
                61.48246045
              ],
              [
                -145.85902905,
                61.3951034
              ],
              [
                -145.89216435,
                61.3258199
              ],
              [
                -145.80480730000002,
                61.271598149999996
              ],
              [
                -145.61503090000002,
                61.20833935
              ],
              [
                -145.5698462,
                61.274610499999994
              ],
              [
                -145.78673320000001,
                61.36196755
              ],
              [
                -145.69335145,
                61.5186081
              ],
              [
                -145.7686591,
                61.54571925
              ],
              [
                -145.98253375000002,
                61.512583400000004
              ],
              [
                -146.2024331,
                61.52162045
              ],
              [
                -146.2355684,
                61.548731599999996
              ],
              [
                -146.34702425,
                61.52162045
              ],
              [
                -146.80790885,
                61.5878916
              ],
              [
                -146.8169459,
                61.65717455
              ],
              [
                -146.95551235,
                61.81080275
              ],
              [
                -147.06696820000002,
                61.868036849999996
              ],
              [
                -147.24469465,
                61.9162339
              ],
              [
                -147.6061728,
                62.0487762
              ],
              [
                -147.7718504,
                62.0999856
              ],
              [
                -147.93752745,
                62.11203445
              ],
              [
                -148.1845374,
                62.2024044
              ],
              [
                -148.42552320000001,
                62.2536138
              ],
              [
                -148.43757205,
                62.27168734999999
              ],
              [
                -148.25683325,
                62.2987985
              ],
              [
                -148.1755009,
                62.383143200000006
              ],
              [
                -148.16947620000002,
                62.55183315
              ],
              [
                -147.68148045,
                62.53978375
              ],
              [
                -147.09106645,
                62.57894375
              ],
              [
                -146.93743825,
                62.60906725
              ],
              [
                -146.69344065,
                62.69341195
              ],
              [
                -146.46149245,
                62.82294135
              ],
              [
                -146.4132954,
                62.9524713
              ],
              [
                -146.31388895,
                63.06392715
              ],
              [
                -146.10905135000002,
                63.157308900000004
              ],
              [
                -146.02169375,
                63.22659185
              ],
              [
                -145.7686591,
                63.3380477
              ],
              [
                -145.7294991,
                63.307924750000005
              ],
              [
                -145.51863680000002,
                63.298887699999995
              ],
              [
                -145.2113804,
                63.3561218
              ],
              [
                -145.0185922,
                63.416368250000005
              ],
              [
                -144.55770760000001,
                63.60313175
              ],
              [
                -144.3829935,
                63.6121688
              ],
              [
                -144.36491940000002,
                63.585057649999996
              ],
              [
                -144.18719295000002,
                63.6061441
              ],
              [
                -144.0124783,
                63.600119400000004
              ],
              [
                -143.66907425000002,
                63.62421765
              ],
              [
                -143.3316949,
                63.70555055
              ],
              [
                -142.99732735,
                63.87423995
              ],
              [
                -142.86177325,
                63.91038815
              ],
              [
                -142.83767445,
                63.88026465
              ],
              [
                -142.32256865,
                63.8109817
              ],
              [
                -142.28039575,
                63.76278465
              ],
              [
                -142.45812275,
                63.69952585
              ],
              [
                -142.5394551,
                63.6965135
              ],
              [
                -142.53644275,
                63.6121688
              ],
              [
                -142.27738340000002,
                63.63927939999999
              ],
              [
                -142.2623222,
                63.6844641
              ],
              [
                -142.14484165000002,
                63.72663645
              ],
              [
                -142.10568165,
                63.7025382
              ],
              [
                -142.0183246,
                63.7989323
              ],
              [
                -141.7622776,
                63.71157525
              ],
              [
                -141.80444995,
                63.645304100000004
              ],
              [
                -141.64479705,
                63.62723
              ],
              [
                -141.5514153,
                63.58807
              ],
              [
                -141.41284885000002,
                63.6513288
              ],
              [
                -141.1688507,
                63.65434115
              ],
              [
                -141.03028425000002,
                63.675427049999996
              ],
              [
                -140.6748308,
                63.65434115
              ],
              [
                -140.49409200000002,
                63.630242349999996
              ],
              [
                -140.58144905,
                63.50071295
              ],
              [
                -140.2500944,
                63.467577649999996
              ],
              [
                -140.2259956,
                63.4344418
              ],
              [
                -139.90367745,
                63.3772077
              ],
              [
                -139.9006651,
                63.404318849999996
              ],
              [
                -139.6687169,
                63.4404665
              ],
              [
                -139.4458052,
                63.43745415
              ],
              [
                -139.4427934,
                63.407331199999994
              ],
              [
                -139.31326345000002,
                63.404318849999996
              ],
              [
                -139.17770935000001,
                63.4464912
              ],
              [
                -138.95479765000002,
                63.4525159
              ],
              [
                -138.7981571,
                63.4344418
              ],
              [
                -138.584283,
                63.3892571
              ],
              [
                -138.48487655,
                63.39829415
              ],
              [
                -138.3432972,
                63.33503535
              ],
              [
                -138.26196485,
                63.359134149999996
              ],
              [
                -138.12942310000003,
                63.341060049999996
              ],
              [
                -138.03302845000002,
                63.30190005
              ]
            ]
          ],
          [
            [
              [
                -140.867619,
                56.58142035
              ],
              [
                -140.87063135000002,
                56.55732155
              ],
              [
                -141.06040775,
                56.59346975
              ],
              [
                -140.9248531,
                56.735048549999995
              ],
              [
                -140.80134840000002,
                56.74709795
              ],
              [
                -140.71700315,
                56.87662735
              ],
              [
                -140.6236214,
                56.762159149999995
              ],
              [
                -140.5453014,
                56.80131915
              ],
              [
                -140.39468555,
                56.7380609
              ],
              [
                -140.39468555,
                56.650703299999996
              ],
              [
                -140.61458435,
                56.63865445
              ],
              [
                -140.71097845,
                56.5994939
              ],
              [
                -140.867619,
                56.58142035
              ]
            ]
          ],
          [
            [
              [
                -141.42791005,
                56.31332395
              ],
              [
                -141.27126950000002,
                56.3856198
              ],
              [
                -141.41284885000002,
                56.400681
              ],
              [
                -141.41586065,
                56.4639398
              ],
              [
                -141.29838065,
                56.50611215
              ],
              [
                -141.2140354,
                56.4759892
              ],
              [
                -141.20198655000002,
                56.4127304
              ],
              [
                -141.1537895,
                56.45490275
              ],
              [
                -141.15077715,
                56.5482845
              ],
              [
                -141.04835835,
                56.50611215
              ],
              [
                -141.03028425000002,
                56.5663586
              ],
              [
                -140.93991485,
                56.53021095
              ],
              [
                -140.83147135000002,
                56.53021095
              ],
              [
                -140.74712665,
                56.56334625
              ],
              [
                -140.60855965000002,
                56.50611215
              ],
              [
                -140.60855965000002,
                56.34645925
              ],
              [
                -140.43384555,
                56.35850865
              ],
              [
                -140.54831375,
                56.2530775
              ],
              [
                -140.7591755,
                56.2952504
              ],
              [
                -140.6808555,
                56.2259669
              ],
              [
                -140.74110195,
                56.1687328
              ],
              [
                -140.84954545,
                56.1958434
              ],
              [
                -140.8525578,
                56.087400450000004
              ],
              [
                -141.01823485,
                56.057276949999995
              ],
              [
                -141.0724566,
                56.01209225
              ],
              [
                -141.17487540000002,
                56.054264599999996
              ],
              [
                -141.2833189,
                55.93979695
              ],
              [
                -141.36766360000001,
                55.92774755
              ],
              [
                -141.45803355,
                55.87653815
              ],
              [
                -141.49116885,
                56.00004285
              ],
              [
                -141.6176859,
                55.93377225
              ],
              [
                -141.6237106,
                55.97293225
              ],
              [
                -141.73817880000001,
                56.01209225
              ],
              [
                -141.74721585,
                56.1235481
              ],
              [
                -141.8586717,
                56.1687328
              ],
              [
                -141.7954129,
                56.298262199999996
              ],
              [
                -141.57551355,
                56.379595099999996
              ],
              [
                -141.43995945,
                56.3735704
              ],
              [
                -141.42791005,
                56.31332395
              ]
            ]
          ],
          [
            [
              [
                -141.74420350000003,
                55.7982176
              ],
              [
                -141.8586717,
                55.6867623
              ],
              [
                -141.89481935,
                55.70483585
              ],
              [
                -141.74420350000003,
                55.7982176
              ]
            ]
          ],
          [
            [
              [
                -142.34967925,
                55.4246906
              ],
              [
                -142.2623222,
                55.4186659
              ],
              [
                -142.29244515000002,
                55.3041977
              ],
              [
                -142.43703630000002,
                55.319259450000004
              ],
              [
                -142.4611351,
                55.35841945
              ],
              [
                -142.34967925,
                55.4246906
              ]
            ]
          ],
          [
            [
              [
                -144.69024990000003,
                55.0722495
              ],
              [
                -144.7233852,
                54.95476895
              ],
              [
                -144.89207515,
                54.858374850000004
              ],
              [
                -144.81074225,
                55.00597835
              ],
              [
                -144.75350815000002,
                54.9909166
              ],
              [
                -144.69024990000003,
                55.0722495
              ]
            ]
          ],
          [
            [
              [
                -145.0366663,
                55.11442185
              ],
              [
                -144.9342475,
                55.11442185
              ],
              [
                -144.93725985,
                55.0541754
              ],
              [
                -145.03967865,
                54.98790425
              ],
              [
                -145.13004805,
                55.03308895
              ],
              [
                -145.18728215000002,
                54.9909166
              ],
              [
                -145.22041745,
                55.0933354
              ],
              [
                -145.1902945,
                55.12647125
              ],
              [
                -145.0366663,
                55.11442185
              ]
            ]
          ],
          [
            [
              [
                -145.9915708,
                54.906571899999996
              ],
              [
                -145.9795214,
                54.858374850000004
              ],
              [
                -146.0427802,
                54.8282519
              ],
              [
                -146.09097725,
                54.8794613
              ],
              [
                -145.9915708,
                54.906571899999996
              ]
            ]
          ],
          [
            [
              [
                -146.07892785,
                59.6660332
              ],
              [
                -146.16026075,
                59.61181145
              ],
              [
                -146.18737135,
                59.660008499999996
              ],
              [
                -146.07892785,
                59.6660332
              ]
            ]
          ],
          [
            [
              [
                -146.2928025,
                54.63546315
              ],
              [
                -146.17532195,
                54.61437725
              ],
              [
                -146.18737135,
                54.56919255
              ],
              [
                -146.2807531,
                54.572204899999996
              ],
              [
                -146.2928025,
                54.63546315
              ]
            ]
          ],
          [
            [
              [
                -147.80197335000003,
                54.530032
              ],
              [
                -147.76281335000002,
                54.46677375
              ],
              [
                -147.84715805,
                54.4396626
              ],
              [
                -147.87728155000002,
                54.50593375
              ],
              [
                -147.80197335000003,
                54.530032
              ]
            ]
          ],
          [
            [
              [
                -147.9074045,
                54.451712
              ],
              [
                -148.07609445,
                54.39146555
              ],
              [
                -148.1122421,
                54.4336379
              ],
              [
                -148.03994625,
                54.48785965
              ],
              [
                -147.9074045,
                54.451712
              ]
            ]
          ],
          [
            [
              [
                -148.25080855000002,
                57.86466715
              ],
              [
                -148.1242915,
                57.8857536
              ],
              [
                -148.09718035,
                57.8465936
              ],
              [
                -147.9857245,
                57.855630649999995
              ],
              [
                -147.87728155000002,
                57.81948245
              ],
              [
                -147.8561951,
                57.6628419
              ],
              [
                -147.9134292,
                57.6116325
              ],
              [
                -148.05500800000002,
                57.58150955
              ],
              [
                -148.08513095,
                57.527287799999996
              ],
              [
                -148.2929809,
                57.587534250000004
              ],
              [
                -148.389375,
                57.5845219
              ],
              [
                -148.59722495,
                57.6628419
              ],
              [
                -148.66952080000002,
                57.6628419
              ],
              [
                -148.7900137,
                57.70802715
              ],
              [
                -148.83218605000002,
                57.78032245
              ],
              [
                -148.7719396,
                57.79839655
              ],
              [
                -148.567102,
                57.78032245
              ],
              [
                -148.4707079,
                57.83755655
              ],
              [
                -148.3682891,
                57.84358125
              ],
              [
                -148.3231044,
                57.882741249999995
              ],
              [
                -148.25080855000002,
                57.86466715
              ]
            ]
          ],
          [
            [
              [
                -148.25683325,
                54.373391999999996
              ],
              [
                -148.16646385,
                54.3312191
              ],
              [
                -148.35021500000002,
                54.228800299999996
              ],
              [
                -148.34720265,
                54.21072675
              ],
              [
                -148.11525445,
                54.2860344
              ],
              [
                -148.1122421,
                54.24386205
              ],
              [
                -148.20562385,
                54.19265265
              ],
              [
                -148.3562397,
                54.15951735
              ],
              [
                -148.37130145,
                54.10830795
              ],
              [
                -148.5339667,
                54.0540862
              ],
              [
                -148.6755455,
                54.05107385
              ],
              [
                -148.76892725000002,
                53.99986445
              ],
              [
                -148.94364135,
                53.95467975
              ],
              [
                -149.03702365,
                54.002876799999996
              ],
              [
                -148.85327195000002,
                54.0601109
              ],
              [
                -148.79603785,
                54.05107385
              ],
              [
                -148.6574714,
                54.0992709
              ],
              [
                -148.6906067,
                54.15349265
              ],
              [
                -148.6122867,
                54.21072675
              ],
              [
                -148.49480615000002,
                54.183615599999996
              ],
              [
                -148.4827573,
                54.219763799999996
              ],
              [
                -148.60927435000002,
                54.23181265
              ],
              [
                -148.67855785,
                54.2709732
              ],
              [
                -148.6183114,
                54.337243799999996
              ],
              [
                -148.40443675,
                54.3764038
              ],
              [
                -148.35925205,
                54.30109615
              ],
              [
                -148.25683325,
                54.373391999999996
              ]
            ]
          ],
          [
            [
              [
                -149.5852653,
                53.90347035
              ],
              [
                -149.374403,
                54.0089015
              ],
              [
                -149.3623536,
                54.0540862
              ],
              [
                -149.28102125,
                54.1052956
              ],
              [
                -149.15450365,
                54.12939385
              ],
              [
                -149.08823305,
                54.10228325
              ],
              [
                -149.06413425000002,
                54.029987399999996
              ],
              [
                -149.2990948,
                53.9516674
              ],
              [
                -149.4256124,
                53.8371992
              ],
              [
                -149.52803120000002,
                53.7980392
              ],
              [
                -149.5852653,
                53.90347035
              ]
            ]
          ],
          [
            [
              [
                -150.1124205,
                53.758879199999996
              ],
              [
                -150.08832225,
                53.70465745
              ],
              [
                -150.22990105000002,
                53.7016451
              ],
              [
                -150.2449628,
                53.73779275
              ],
              [
                -150.1124205,
                53.758879199999996
              ]
            ]
          ],
          [
            [
              [
                -150.33231985,
                56.13860985
              ],
              [
                -150.40762750000002,
                56.087400450000004
              ],
              [
                -150.42268925000002,
                56.13860985
              ],
              [
                -150.33231985,
                56.13860985
              ]
            ]
          ],
          [
            [
              [
                -150.61848980000002,
                53.650435699999996
              ],
              [
                -150.58234215000002,
                53.5992263
              ],
              [
                -150.68476095,
                53.563078649999994
              ],
              [
                -150.6998227,
                53.6173004
              ],
              [
                -150.61848980000002,
                53.650435699999996
              ]
            ]
          ],
          [
            [
              [
                -151.20890435,
                59.7112179
              ],
              [
                -150.772118,
                59.629885
              ],
              [
                -150.51908335,
                59.6991685
              ],
              [
                -150.4046157,
                59.6931438
              ],
              [
                -150.3021969,
                59.6539838
              ],
              [
                -150.27508575000002,
                59.58771265
              ],
              [
                -150.0551864,
                59.551565
              ],
              [
                -149.98590345,
                59.5184297
              ],
              [
                -149.6997335,
                59.50336795
              ],
              [
                -149.52803120000002,
                59.47926915
              ],
              [
                -149.62141295,
                59.397936800000004
              ],
              [
                -149.7599794,
                59.4160109
              ],
              [
                -149.9075829,
                59.40094915
              ],
              [
                -149.98289110000002,
                59.3648015
              ],
              [
                -150.0521746,
                59.2834686
              ],
              [
                -150.1576052,
                59.3587768
              ],
              [
                -150.28111045,
                59.4099862
              ],
              [
                -150.39557865,
                59.4160109
              ],
              [
                -150.44980040000002,
                59.473245
              ],
              [
                -150.7269333,
                59.5455403
              ],
              [
                -150.85646325000002,
                59.54855265
              ],
              [
                -151.05527615,
                59.48529385
              ],
              [
                -151.205892,
                59.5184297
              ],
              [
                -151.26915025000002,
                59.584700299999994
              ],
              [
                -151.20890435,
                59.7112179
              ]
            ]
          ],
          [
            [
              [
                -151.58845605000002,
                53.48174575
              ],
              [
                -151.579419,
                53.41848695
              ],
              [
                -151.68485015000002,
                53.4064381
              ],
              [
                -151.66376425,
                53.46065985
              ],
              [
                -151.58845605000002,
                53.48174575
              ]
            ]
          ],
          [
            [
              [
                -152.2451412,
                53.349204
              ],
              [
                -152.1728459,
                53.325105199999996
              ],
              [
                -151.9680083,
                53.32811755
              ],
              [
                -151.95897125000002,
                53.310044
              ],
              [
                -152.20296885,
                53.28293285
              ],
              [
                -152.2451412,
                53.349204
              ]
            ]
          ],
          [
            [
              [
                -152.6277058,
                53.4214993
              ],
              [
                -152.6307176,
                53.47572105
              ],
              [
                -152.5523976,
                53.4968075
              ],
              [
                -152.44094175,
                53.44258575
              ],
              [
                -152.4831141,
                53.39137635
              ],
              [
                -152.54938525,
                53.3943887
              ],
              [
                -152.52829935,
                53.3371546
              ],
              [
                -152.63372995,
                53.3311299
              ],
              [
                -152.85664165,
                53.27088345
              ],
              [
                -152.98315925,
                53.28895755
              ],
              [
                -152.94701105000001,
                53.3311299
              ],
              [
                -152.81145695,
                53.325105199999996
              ],
              [
                -152.6277058,
                53.4214993
              ]
            ]
          ],
          [
            [
              [
                -153.80853380000002,
                53.18653875
              ],
              [
                -153.70912735000002,
                53.1955758
              ],
              [
                -153.70912735000002,
                53.126292299999996
              ],
              [
                -153.83564495000002,
                53.13532935
              ],
              [
                -153.9922855,
                53.053997
              ],
              [
                -154.0525314,
                53.1624405
              ],
              [
                -153.98626080000003,
                53.1654523
              ],
              [
                -153.97722375,
                53.2467852
              ],
              [
                -153.89589085,
                53.24979755
              ],
              [
                -153.89589085,
                53.1895511
              ],
              [
                -153.80853380000002,
                53.18653875
              ]
            ]
          ],
          [
            [
              [
                -154.1850737,
                53.23774815
              ],
              [
                -154.12482725,
                53.21063755
              ],
              [
                -154.1669996,
                53.11725525
              ],
              [
                -154.2513443,
                53.09014465
              ],
              [
                -154.25435665,
                53.14737875
              ],
              [
                -154.1850737,
                53.23774815
              ]
            ]
          ],
          [
            [
              [
                -154.7182536,
                53.2226864
              ],
              [
                -154.62487185,
                53.219674049999995
              ],
              [
                -154.54052715,
                53.15340345
              ],
              [
                -154.63089655000002,
                53.0750829
              ],
              [
                -154.7182536,
                53.2226864
              ]
            ]
          ],
          [
            [
              [
                -159.65967635,
                53.81310095
              ],
              [
                -159.76209515,
                53.77695275
              ],
              [
                -159.7681193,
                53.71971865
              ],
              [
                -160.6482205,
                53.68658335
              ],
              [
                -160.50362935,
                53.77695275
              ],
              [
                -160.50362935,
                53.819125650000004
              ],
              [
                -159.65967635,
                53.81310095
              ]
            ]
          ]
        ]
      }
    },
    {
      "type": "Feature",
      "id": "AZ",
      "properties": {
        "id": "AZ",
        "name": "Arizona"
      },
      "geometry": {
        "type": "Polygon",
        "coordinates": [
          [
            [
              -109.042503,
              37.000263
            ],
            [
              -109.04798,
              31.331629
            ],
            [
              -111.074448,
              31.331629
            ],
            [
              -112.246513,
              31.704061
            ],
            [
              -114.815198,
              32.492741
            ],
            [
              -114.72209,
              32.717295
            ],
            [
              -114.524921,
              32.755634
            ],
            [
              -114.470151,
              32.843265
            ],
            [
              -114.524921,
              33.029481
            ],
            [
              -114.661844,
              33.034958
            ],
            [
              -114.727567,
              33.40739
            ],
            [
              -114.524921,
              33.54979
            ],
            [
              -114.497536,
              33.697668
            ],
            [
              -114.535874,
              33.933176
            ],
            [
              -114.415382,
              34.108438
            ],
            [
              -114.256551,
              34.174162
            ],
            [
              -114.136058,
              34.305608
            ],
            [
              -114.333228,
              34.448009
            ],
            [
              -114.470151,
              34.710902
            ],
            [
              -114.634459,
              34.87521
            ],
            [
              -114.634459,
              35.00118
            ],
            [
              -114.574213,
              35.138103
            ],
            [
              -114.596121,
              35.324319
            ],
            [
              -114.678275,
              35.516012
            ],
            [
              -114.738521,
              36.102045
            ],
            [
              -114.371566,
              36.140383
            ],
            [
              -114.251074,
              36.01989
            ],
            [
              -114.152489,
              36.025367
            ],
            [
              -114.048427,
              36.195153
            ],
            [
              -114.048427,
              37.000263
            ],
            [
              -110.499369,
              37.00574
            ],
            [
              -109.042503,
              37.000263
            ]
          ]
        ]
      }
    },
    {
      "type": "Feature",
      "id": "AR",
      "properties": {
        "id": "AR",
        "name": "Arkansas"
      },
      "geometry": {
        "type": "Polygon",
        "coordinates": [
          [
            [
              -94.473842,
              36.501861
            ],
            [
              -90.152536,
              36.496384
            ],
            [
              -90.064905,
              36.304691
            ],
            [
              -90.218259,
              36.184199
            ],
            [
              -90.377091,
              35.997983
            ],
            [
              -89.730812,
              35.997983
            ],
            [
              -89.763673,
              35.811767
            ],
            [
              -89.911551,
              35.756997
            ],
            [
              -89.944412,
              35.603643
            ],
            [
              -90.130628,
              35.439335
            ],
            [
              -90.114197,
              35.198349
            ],
            [
              -90.212782,
              35.023087
            ],
            [
              -90.311367,
              34.995703
            ],
            [
              -90.251121,
              34.908072
            ],
            [
              -90.409952,
              34.831394
            ],
            [
              -90.481152,
              34.661609
            ],
            [
              -90.585214,
              34.617794
            ],
            [
              -90.568783,
              34.420624
            ],
            [
              -90.749522,
              34.365854
            ],
            [
              -90.744046,
              34.300131
            ],
            [
              -90.952169,
              34.135823
            ],
            [
              -90.891923,
              34.026284
            ],
            [
              -91.072662,
              33.867453
            ],
            [
              -91.231493,
              33.560744
            ],
            [
              -91.056231,
              33.429298
            ],
            [
              -91.143862,
              33.347144
            ],
            [
              -91.089093,
              33.13902
            ],
            [
              -91.16577,
              33.002096
            ],
            [
              -93.608485,
              33.018527
            ],
            [
              -94.041164,
              33.018527
            ],
            [
              -94.041164,
              33.54979
            ],
            [
              -94.183564,
              33.593606
            ],
            [
              -94.380734,
              33.544313
            ],
            [
              -94.484796,
              33.637421
            ],
            [
              -94.430026,
              35.395519
            ],
            [
              -94.616242,
              36.501861
            ],
            [
              -94.473842,
              36.501861
            ]
          ]
        ]
      }
    },
    {
      "type": "Feature",
      "id": "CA",
      "properties": {
        "id": "CA",
        "name": "California"
      },
      "geometry": {
        "type": "Polygon",
        "coordinates": [
          [
            [
              -123.233256,
              42.006186
            ],
            [
              -122.378853,
              42.011663
            ],
            [
              -121.037003,
              41.995232
            ],
            [
              -120.001861,
              41.995232
            ],
            [
              -119.996384,
              40.264519
            ],
            [
              -120.001861,
              38.999346
            ],
            [
              -118.71478,
              38.101128
            ],
            [
              -117.498899,
              37.21934
            ],
            [
              -116.540435,
              36.501861
            ],
            [
              -115.85034,
              35.970598
            ],
            [
              -114.634459,
              35.00118
            ],
            [
              -114.634459,
              34.87521
            ],
            [
              -114.470151,
              34.710902
            ],
            [
              -114.333228,
              34.448009
            ],
            [
              -114.136058,
              34.305608
            ],
            [
              -114.256551,
              34.174162
            ],
            [
              -114.415382,
              34.108438
            ],
            [
              -114.535874,
              33.933176
            ],
            [
              -114.497536,
              33.697668
            ],
            [
              -114.524921,
              33.54979
            ],
            [
              -114.727567,
              33.40739
            ],
            [
              -114.661844,
              33.034958
            ],
            [
              -114.524921,
              33.029481
            ],
            [
              -114.470151,
              32.843265
            ],
            [
              -114.524921,
              32.755634
            ],
            [
              -114.72209,
              32.717295
            ],
            [
              -116.04751,
              32.624187
            ],
            [
              -117.126467,
              32.536556
            ],
            [
              -117.24696,
              32.668003
            ],
            [
              -117.252437,
              32.876127
            ],
            [
              -117.329114,
              33.122589
            ],
            [
              -117.471515,
              33.297851
            ],
            [
              -117.7837,
              33.538836
            ],
            [
              -118.183517,
              33.763391
            ],
            [
              -118.260194,
              33.703145
            ],
            [
              -118.413548,
              33.741483
            ],
            [
              -118.391641,
              33.840068
            ],
            [
              -118.566903,
              34.042715
            ],
            [
              -118.802411,
              33.998899
            ],
            [
              -119.218659,
              34.146777
            ],
            [
              -119.278905,
              34.26727
            ],
            [
              -119.558229,
              34.415147
            ],
            [
              -119.875891,
              34.40967
            ],
            [
              -120.138784,
              34.475393
            ],
            [
              -120.472878,
              34.448009
            ],
            [
              -120.64814,
              34.579455
            ],
            [
              -120.609801,
              34.858779
            ],
            [
              -120.670048,
              34.902595
            ],
            [
              -120.631709,
              35.099764
            ],
            [
              -120.894602,
              35.247642
            ],
            [
              -120.905556,
              35.450289
            ],
            [
              -121.004141,
              35.461243
            ],
            [
              -121.168449,
              35.636505
            ],
            [
              -121.283465,
              35.674843
            ],
            [
              -121.332757,
              35.784382
            ],
            [
              -121.716143,
              36.195153
            ],
            [
              -121.896882,
              36.315645
            ],
            [
              -121.935221,
              36.638785
            ],
            [
              -121.858544,
              36.6114
            ],
            [
              -121.787344,
              36.803093
            ],
            [
              -121.929744,
              36.978355
            ],
            [
              -122.105006,
              36.956447
            ],
            [
              -122.335038,
              37.115279
            ],
            [
              -122.417192,
              37.241248
            ],
            [
              -122.400761,
              37.361741
            ],
            [
              -122.515777,
              37.520572
            ],
            [
              -122.515777,
              37.783465
            ],
            [
              -122.329561,
              37.783465
            ],
            [
              -122.406238,
              38.15042
            ],
            [
              -122.488392,
              38.112082
            ],
            [
              -122.504823,
              37.931343
            ],
            [
              -122.701993,
              37.893004
            ],
            [
              -122.937501,
              38.029928
            ],
            [
              -122.97584,
              38.265436
            ],
            [
              -123.129194,
              38.451652
            ],
            [
              -123.331841,
              38.566668
            ],
            [
              -123.44138,
              38.698114
            ],
            [
              -123.737134,
              38.95553
            ],
            [
              -123.687842,
              39.032208
            ],
            [
              -123.824765,
              39.366301
            ],
            [
              -123.764519,
              39.552517
            ],
            [
              -123.85215,
              39.831841
            ],
            [
              -124.109566,
              40.105688
            ],
            [
              -124.361506,
              40.259042
            ],
            [
              -124.410798,
              40.439781
            ],
            [
              -124.158859,
              40.877937
            ],
            [
              -124.109566,
              41.025814
            ],
            [
              -124.158859,
              41.14083
            ],
            [
              -124.065751,
              41.442061
            ],
            [
              -124.147905,
              41.715908
            ],
            [
              -124.257444,
              41.781632
            ],
            [
              -124.213628,
              42.000709
            ],
            [
              -123.233256,
              42.006186
            ]
          ]
        ]
      }
    },
    {
      "type": "Feature",
      "id": "CO",
      "properties": {
        "id": "CO",
        "name": "Colorado"
      },
      "geometry": {
        "type": "Polygon",
        "coordinates": [
          [
            [
              -107.919731,
              41.003906
            ],
            [
              -105.728954,
              40.998429
            ],
            [
              -104.053011,
              41.003906
            ],
            [
              -102.053927,
              41.003906
            ],
            [
              -102.053927,
              40.001626
            ],
            [
              -102.042974,
              36.994786
            ],
            [
              -103.001438,
              37.000263
            ],
            [
              -104.337812,
              36.994786
            ],
            [
              -106.868158,
              36.994786
            ],
            [
              -107.421329,
              37.000263
            ],
            [
              -109.042503,
              37.000263
            ],
            [
              -109.042503,
              38.166851
            ],
            [
              -109.058934,
              38.27639
            ],
            [
              -109.053457,
              39.125316
            ],
            [
              -109.04798,
              40.998429
            ],
            [
              -107.919731,
              41.003906
            ]
          ]
        ]
      }
    },
    {
      "type": "Feature",
      "id": "CT",
      "properties": {
        "id": "CT",
        "name": "Connecticut"
      },
      "geometry": {
        "type": "Polygon",
        "coordinates": [
          [
            [
              -73.053528,
              42.039048
            ],
            [
              -71.799309,
              42.022617
            ],
            [
              -71.799309,
              42.006186
            ],
            [
              -71.799309,
              41.414677
            ],
            [
              -71.859555,
              41.321569
            ],
            [
              -71.947186,
              41.338
            ],
            [
              -72.385341,
              41.261322
            ],
            [
              -72.905651,
              41.28323
            ],
            [
              -73.130205,
              41.146307
            ],
            [
              -73.371191,
              41.102491
            ],
            [
              -73.655992,
              40.987475
            ],
            [
              -73.727192,
              41.102491
            ],
            [
              -73.48073,
              41.21203
            ],
            [
              -73.55193,
              41.294184
            ],
            [
              -73.486206,
              42.050002
            ],
            [
              -73.053528,
              42.039048
            ]
          ]
        ]
      }
    },
    {
      "type": "Feature",
      "id": "DE",
      "properties": {
        "id": "DE",
        "name": "Delaware"
      },
      "geometry": {
        "type": "Polygon",
        "coordinates": [
          [
            [
              -75.414089,
              39.804456
            ],
            [
              -75.507197,
              39.683964
            ],
            [
              -75.611259,
              39.61824
            ],
            [
              -75.589352,
              39.459409
            ],
            [
              -75.441474,
              39.311532
            ],
            [
              -75.403136,
              39.065069
            ],
            [
              -75.189535,
              38.807653
            ],
            [
              -75.09095,
              38.796699
            ],
            [
              -75.047134,
              38.451652
            ],
            [
              -75.693413,
              38.462606
            ],
            [
              -75.786521,
              39.722302
            ],
            [
              -75.616736,
              39.831841
            ],
            [
              -75.414089,
              39.804456
            ]
          ]
        ]
      }
    },
    {
      "type": "Feature",
      "id": "DC",
      "properties": {
        "id": "DC",
        "name": "District of Columbia"
      },
      "geometry": {
        "type": "Polygon",
        "coordinates": [
          [
            [
              -77.035264,
              38.993869
            ],
            [
              -76.909294,
              38.895284
            ],
            [
              -77.040741,
              38.791222
            ],
            [
              -77.117418,
              38.933623
            ],
            [
              -77.035264,
              38.993869
            ]
          ]
        ]
      }
    },
    {
      "type": "Feature",
      "id": "FL",
      "properties": {
        "id": "FL",
        "name": "Florida"
      },
      "geometry": {
        "type": "Polygon",
        "coordinates": [
          [
            [
              -85.497137,
              30.997536
            ],
            [
              -85.004212,
              31.003013
            ],
            [
              -84.867289,
              30.712735
            ],
            [
              -83.498053,
              30.647012
            ],
            [
              -82.216449,
              30.570335
            ],
            [
              -82.167157,
              30.356734
            ],
            [
              -82.046664,
              30.362211
            ],
            [
              -82.002849,
              30.564858
            ],
            [
              -82.041187,
              30.751074
            ],
            [
              -81.948079,
              30.827751
            ],
            [
              -81.718048,
              30.745597
            ],
            [
              -81.444201,
              30.707258
            ],
            [
              -81.383954,
              30.27458
            ],
            [
              -81.257985,
              29.787132
            ],
            [
              -80.967707,
              29.14633
            ],
            [
              -80.524075,
              28.461713
            ],
            [
              -80.589798,
              28.41242
            ],
            [
              -80.56789,
              28.094758
            ],
            [
              -80.381674,
              27.738757
            ],
            [
              -80.091397,
              27.021277
            ],
            [
              -80.03115,
              26.796723
            ],
            [
              -80.036627,
              26.566691
            ],
            [
              -80.146166,
              25.739673
            ],
            [
              -80.239274,
              25.723243
            ],
            [
              -80.337859,
              25.465826
            ],
            [
              -80.304997,
              25.383672
            ],
            [
              -80.49669,
              25.197456
            ],
            [
              -80.573367,
              25.241272
            ],
            [
              -80.759583,
              25.164595
            ],
            [
              -81.077246,
              25.120779
            ],
            [
              -81.170354,
              25.224841
            ],
            [
              -81.126538,
              25.378195
            ],
            [
              -81.351093,
              25.821827
            ],
            [
              -81.526355,
              25.903982
            ],
            [
              -81.679709,
              25.843735
            ],
            [
              -81.800202,
              26.090198
            ],
            [
              -81.833064,
              26.292844
            ],
            [
              -82.041187,
              26.517399
            ],
            [
              -82.09048,
              26.665276
            ],
            [
              -82.057618,
              26.878877
            ],
            [
              -82.172634,
              26.917216
            ],
            [
              -82.145249,
              26.791246
            ],
            [
              -82.249311,
              26.758384
            ],
            [
              -82.566974,
              27.300601
            ],
            [
              -82.692943,
              27.437525
            ],
            [
              -82.391711,
              27.837342
            ],
            [
              -82.588881,
              27.815434
            ],
            [
              -82.720328,
              27.689464
            ],
            [
              -82.851774,
              27.886634
            ],
            [
              -82.676512,
              28.434328
            ],
            [
              -82.643651,
              28.888914
            ],
            [
              -82.764143,
              28.998453
            ],
            [
              -82.802482,
              29.14633
            ],
            [
              -82.994175,
              29.179192
            ],
            [
              -83.218729,
              29.420177
            ],
            [
              -83.399469,
              29.518762
            ],
            [
              -83.410422,
              29.66664
            ],
            [
              -83.536392,
              29.721409
            ],
            [
              -83.640454,
              29.885717
            ],
            [
              -84.02384,
              30.104795
            ],
            [
              -84.357933,
              30.055502
            ],
            [
              -84.341502,
              29.902148
            ],
            [
              -84.451041,
              29.929533
            ],
            [
              -84.867289,
              29.743317
            ],
            [
              -85.310921,
              29.699501
            ],
            [
              -85.299967,
              29.80904
            ],
            [
              -85.404029,
              29.940487
            ],
            [
              -85.924338,
              30.236241
            ],
            [
              -86.29677,
              30.362211
            ],
            [
              -86.630863,
              30.395073
            ],
            [
              -86.910187,
              30.373165
            ],
            [
              -87.518128,
              30.280057
            ],
            [
              -87.37025,
              30.427934
            ],
            [
              -87.446927,
              30.510088
            ],
            [
              -87.408589,
              30.674397
            ],
            [
              -87.633143,
              30.86609
            ],
            [
              -87.600282,
              30.997536
            ],
            [
              -85.497137,
              30.997536
            ]
          ]
        ]
      }
    },
    {
      "type": "Feature",
      "id": "GA",
      "properties": {
        "id": "GA",
        "name": "Georgia"
      },
      "geometry": {
        "type": "Polygon",
        "coordinates": [
          [
            [
              -83.109191,
              35.00118
            ],
            [
              -83.322791,
              34.787579
            ],
            [
              -83.339222,
              34.683517
            ],
            [
              -83.005129,
              34.469916
            ],
            [
              -82.901067,
              34.486347
            ],
            [
              -82.747713,
              34.26727
            ],
            [
              -82.714851,
              34.152254
            ],
            [
              -82.55602,
              33.94413
            ],
            [
              -82.325988,
              33.81816
            ],
            [
              -82.194542,
              33.631944
            ],
            [
              -81.926172,
              33.462159
            ],
            [
              -81.937125,
              33.347144
            ],
            [
              -81.761863,
              33.160928
            ],
            [
              -81.493493,
              33.007573
            ],
            [
              -81.42777,
              32.843265
            ],
            [
              -81.416816,
              32.629664
            ],
            [
              -81.279893,
              32.558464
            ],
            [
              -81.121061,
              32.290094
            ],
            [
              -81.115584,
              32.120309
            ],
            [
              -80.885553,
              32.032678
            ],
            [
              -81.132015,
              31.693108
            ],
            [
              -81.175831,
              31.517845
            ],
            [
              -81.279893,
              31.364491
            ],
            [
              -81.290846,
              31.20566
            ],
            [
              -81.400385,
              31.13446
            ],
            [
              -81.444201,
              30.707258
            ],
            [
              -81.718048,
              30.745597
            ],
            [
              -81.948079,
              30.827751
            ],
            [
              -82.041187,
              30.751074
            ],
            [
              -82.002849,
              30.564858
            ],
            [
              -82.046664,
              30.362211
            ],
            [
              -82.167157,
              30.356734
            ],
            [
              -82.216449,
              30.570335
            ],
            [
              -83.498053,
              30.647012
            ],
            [
              -84.867289,
              30.712735
            ],
            [
              -85.004212,
              31.003013
            ],
            [
              -85.113751,
              31.27686
            ],
            [
              -85.042551,
              31.539753
            ],
            [
              -85.141136,
              31.840985
            ],
            [
              -85.053504,
              32.01077
            ],
            [
              -85.058981,
              32.13674
            ],
            [
              -84.889196,
              32.262709
            ],
            [
              -85.004212,
              32.322956
            ],
            [
              -84.960397,
              32.421541
            ],
            [
              -85.069935,
              32.580372
            ],
            [
              -85.184951,
              32.859696
            ],
            [
              -85.431413,
              34.124869
            ],
            [
              -85.606675,
              34.984749
            ],
            [
              -84.319594,
              34.990226
            ],
            [
              -83.618546,
              34.984749
            ],
            [
              -83.109191,
              35.00118
            ]
          ]
        ]
      }
    },
    {
      "type": "Feature",
      "id": "HI",
      "properties": {
        "id": "HI",
        "name": "Hawaii"
      },
      "geometry": {
        "type": "MultiPolygon",
        "coordinates": [
          [
            [
              [
                -137.634835,
                38.948267
              ],
              [
                -137.881297,
                39.035898
              ],
              [
                -137.919636,
                39.123529000000005
              ],
              [
                -137.886774,
                39.348084
              ],
              [
                -138.062036,
                39.73147
              ],
              [
                -137.925113,
                39.857439
              ],
              [
                -137.826528,
                40.032702
              ],
              [
                -137.897728,
                40.147717
              ],
              [
                -137.87582,
                40.268209999999996
              ],
              [
                -137.596496,
                40.12581
              ],
              [
                -137.284311,
                40.021748
              ],
              [
                -137.092618,
                39.868393
              ],
              [
                -137.092618,
                39.736947
              ],
              [
                -136.807817,
                39.523346000000004
              ],
              [
                -136.983079,
                39.348084
              ],
              [
                -137.295265,
                39.26593
              ],
              [
                -137.514342,
                39.134483
              ],
              [
                -137.634835,
                38.948267
              ]
            ]
          ],
          [
            [
              [
                -138.587823,
                41.029505
              ],
              [
                -138.472807,
                40.892581
              ],
              [
                -138.324929,
                40.952827
              ],
              [
                -138.00179,
                40.793996
              ],
              [
                -138.051082,
                40.651596
              ],
              [
                -138.379699,
                40.580396
              ],
              [
                -138.445422,
                40.607780000000005
              ],
              [
                -138.461853,
                40.783041999999995
              ],
              [
                -138.631638,
                40.821381
              ],
              [
                -138.697361,
                40.919966
              ],
              [
                -138.587823,
                41.029505
              ]
            ]
          ],
          [
            [
              [
                -138.982162,
                41.210244
              ],
              [
                -139.080747,
                41.106182000000004
              ],
              [
                -139.310779,
                41.106182000000004
              ],
              [
                -139.239579,
                41.221198
              ],
              [
                -138.982162,
                41.210244
              ]
            ]
          ],
          [
            [
              [
                -139.951581,
                41.697691
              ],
              [
                -139.842042,
                41.462182999999996
              ],
              [
                -139.896811,
                41.325259
              ],
              [
                -140.110412,
                41.303352000000004
              ],
              [
                -140.252813,
                41.582676
              ],
              [
                -140.126843,
                41.588153
              ],
              [
                -139.951581,
                41.697691
              ]
            ]
          ],
          [
            [
              [
                -141.468693,
                42.228955
              ],
              [
                -141.353678,
                42.218001
              ],
              [
                -141.298908,
                42.113939
              ],
              [
                -141.33177,
                41.966060999999996
              ],
              [
                -141.446786,
                41.872952999999995
              ],
              [
                -141.764448,
                41.987969
              ],
              [
                -141.726109,
                42.152277
              ],
              [
                -141.468693,
                42.228955
              ]
            ]
          ]
        ]
      }
    },
    {
      "type": "Feature",
      "id": "ID",
      "properties": {
        "id": "ID",
        "name": "Idaho"
      },
      "geometry": {
        "type": "Polygon",
        "coordinates": [
          [
            [
              -116.04751,
              49.000239
            ],
            [
              -116.04751,
              47.976051
            ],
            [
              -115.724371,
              47.696727
            ],
            [
              -115.718894,
              47.42288
            ],
            [
              -115.527201,
              47.302388
            ],
            [
              -115.324554,
              47.258572
            ],
            [
              -115.302646,
              47.187372
            ],
            [
              -114.930214,
              46.919002
            ],
            [
              -114.886399,
              46.809463
            ],
            [
              -114.623506,
              46.705401
            ],
            [
              -114.612552,
              46.639678
            ],
            [
              -114.322274,
              46.645155
            ],
            [
              -114.464674,
              46.272723
            ],
            [
              -114.492059,
              46.037214
            ],
            [
              -114.387997,
              45.88386
            ],
            [
              -114.568736,
              45.774321
            ],
            [
              -114.497536,
              45.670259
            ],
            [
              -114.546828,
              45.560721
            ],
            [
              -114.333228,
              45.456659
            ],
            [
              -114.086765,
              45.593582
            ],
            [
              -113.98818,
              45.703121
            ],
            [
              -113.807441,
              45.604536
            ],
            [
              -113.834826,
              45.522382
            ],
            [
              -113.736241,
              45.330689
            ],
            [
              -113.571933,
              45.128042
            ],
            [
              -113.45144,
              45.056842
            ],
            [
              -113.456917,
              44.865149
            ],
            [
              -113.341901,
              44.782995
            ],
            [
              -113.133778,
              44.772041
            ],
            [
              -113.002331,
              44.448902
            ],
            [
              -112.887315,
              44.394132
            ],
            [
              -112.783254,
              44.48724
            ],
            [
              -112.471068,
              44.481763
            ],
            [
              -112.241036,
              44.569394
            ],
            [
              -112.104113,
              44.520102
            ],
            [
              -111.868605,
              44.563917
            ],
            [
              -111.819312,
              44.509148
            ],
            [
              -111.616665,
              44.547487
            ],
            [
              -111.386634,
              44.75561
            ],
            [
              -111.227803,
              44.580348
            ],
            [
              -111.047063,
              44.476286
            ],
            [
              -111.047063,
              42.000709
            ],
            [
              -112.164359,
              41.995232
            ],
            [
              -114.04295,
              41.995232
            ],
            [
              -117.027882,
              42.000709
            ],
            [
              -117.027882,
              43.830007
            ],
            [
              -116.896436,
              44.158624
            ],
            [
              -116.97859,
              44.240778
            ],
            [
              -117.170283,
              44.257209
            ],
            [
              -117.241483,
              44.394132
            ],
            [
              -117.038836,
              44.750133
            ],
            [
              -116.934774,
              44.782995
            ],
            [
              -116.830713,
              44.930872
            ],
            [
              -116.847143,
              45.02398
            ],
            [
              -116.732128,
              45.144473
            ],
            [
              -116.671881,
              45.319735
            ],
            [
              -116.463758,
              45.61549
            ],
            [
              -116.545912,
              45.752413
            ],
            [
              -116.78142,
              45.823614
            ],
            [
              -116.918344,
              45.993399
            ],
            [
              -116.92382,
              46.168661
            ],
            [
              -117.055267,
              46.343923
            ],
            [
              -117.038836,
              46.426077
            ],
            [
              -117.044313,
              47.762451
            ],
            [
              -117.033359,
              49.000239
            ],
            [
              -116.04751,
              49.000239
            ]
          ]
        ]
      }
    },
    {
      "type": "Feature",
      "id": "IL",
      "properties": {
        "id": "IL",
        "name": "Illinois"
      },
      "geometry": {
        "type": "Polygon",
        "coordinates": [
          [
            [
              -90.639984,
              42.510065
            ],
            [
              -88.788778,
              42.493634
            ],
            [
              -87.802929,
              42.493634
            ],
            [
              -87.83579,
              42.301941
            ],
            [
              -87.682436,
              42.077386
            ],
            [
              -87.523605,
              41.710431
            ],
            [
              -87.529082,
              39.34987
            ],
            [
              -87.63862,
              39.169131
            ],
            [
              -87.512651,
              38.95553
            ],
            [
              -87.49622,
              38.780268
            ],
            [
              -87.62219,
              38.637868
            ],
            [
              -87.655051,
              38.506421
            ],
            [
              -87.83579,
              38.292821
            ],
            [
              -87.950806,
              38.27639
            ],
            [
              -87.923421,
              38.15042
            ],
            [
              -88.000098,
              38.101128
            ],
            [
              -88.060345,
              37.865619
            ],
            [
              -88.027483,
              37.799896
            ],
            [
              -88.15893,
              37.657496
            ],
            [
              -88.065822,
              37.482234
            ],
            [
              -88.476592,
              37.389126
            ],
            [
              -88.514931,
              37.285064
            ],
            [
              -88.421823,
              37.153617
            ],
            [
              -88.547792,
              37.071463
            ],
            [
              -88.914747,
              37.224817
            ],
            [
              -89.029763,
              37.213863
            ],
            [
              -89.183118,
              37.038601
            ],
            [
              -89.133825,
              36.983832
            ],
            [
              -89.292656,
              36.994786
            ],
            [
              -89.517211,
              37.279587
            ],
            [
              -89.435057,
              37.34531
            ],
            [
              -89.517211,
              37.537003
            ],
            [
              -89.517211,
              37.690357
            ],
            [
              -89.84035,
              37.903958
            ],
            [
              -89.949889,
              37.88205
            ],
            [
              -90.059428,
              38.013497
            ],
            [
              -90.355183,
              38.216144
            ],
            [
              -90.349706,
              38.374975
            ],
            [
              -90.179921,
              38.632391
            ],
            [
              -90.207305,
              38.725499
            ],
            [
              -90.10872,
              38.845992
            ],
            [
              -90.251121,
              38.917192
            ],
            [
              -90.470199,
              38.961007
            ],
            [
              -90.585214,
              38.867899
            ],
            [
              -90.661891,
              38.928146
            ],
            [
              -90.727615,
              39.256762
            ],
            [
              -91.061708,
              39.470363
            ],
            [
              -91.368417,
              39.727779
            ],
            [
              -91.494386,
              40.034488
            ],
            [
              -91.50534,
              40.237135
            ],
            [
              -91.417709,
              40.379535
            ],
            [
              -91.401278,
              40.560274
            ],
            [
              -91.121954,
              40.669813
            ],
            [
              -91.09457,
              40.823167
            ],
            [
              -90.963123,
              40.921752
            ],
            [
              -90.946692,
              41.097014
            ],
            [
              -91.111001,
              41.239415
            ],
            [
              -91.045277,
              41.414677
            ],
            [
              -90.656414,
              41.463969
            ],
            [
              -90.344229,
              41.589939
            ],
            [
              -90.311367,
              41.743293
            ],
            [
              -90.179921,
              41.809016
            ],
            [
              -90.141582,
              42.000709
            ],
            [
              -90.168967,
              42.126679
            ],
            [
              -90.393521,
              42.225264
            ],
            [
              -90.420906,
              42.329326
            ],
            [
              -90.639984,
              42.510065
            ]
          ]
        ]
      }
    },
    {
      "type": "Feature",
      "id": "IN",
      "properties": {
        "id": "IN",
        "name": "Indiana"
      },
      "geometry": {
        "type": "Polygon",
        "coordinates": [
          [
            [
              -85.990061,
              41.759724
            ],
            [
              -84.807042,
              41.759724
            ],
            [
              -84.807042,
              41.694001
            ],
            [
              -84.801565,
              40.500028
            ],
            [
              -84.817996,
              39.103408
            ],
            [
              -84.894673,
              39.059592
            ],
            [
              -84.812519,
              38.785745
            ],
            [
              -84.987781,
              38.780268
            ],
            [
              -85.173997,
              38.68716
            ],
            [
              -85.431413,
              38.730976
            ],
            [
              -85.42046,
              38.533806
            ],
            [
              -85.590245,
              38.451652
            ],
            [
              -85.655968,
              38.325682
            ],
            [
              -85.83123,
              38.27639
            ],
            [
              -85.924338,
              38.024451
            ],
            [
              -86.039354,
              37.958727
            ],
            [
              -86.263908,
              38.051835
            ],
            [
              -86.302247,
              38.166851
            ],
            [
              -86.521325,
              38.040881
            ],
            [
              -86.504894,
              37.931343
            ],
            [
              -86.729448,
              37.893004
            ],
            [
              -86.795172,
              37.991589
            ],
            [
              -87.047111,
              37.893004
            ],
            [
              -87.129265,
              37.788942
            ],
            [
              -87.381204,
              37.93682
            ],
            [
              -87.512651,
              37.903958
            ],
            [
              -87.600282,
              37.975158
            ],
            [
              -87.682436,
              37.903958
            ],
            [
              -87.934375,
              37.893004
            ],
            [
              -88.027483,
              37.799896
            ],
            [
              -88.060345,
              37.865619
            ],
            [
              -88.000098,
              38.101128
            ],
            [
              -87.923421,
              38.15042
            ],
            [
              -87.950806,
              38.27639
            ],
            [
              -87.83579,
              38.292821
            ],
            [
              -87.655051,
              38.506421
            ],
            [
              -87.62219,
              38.637868
            ],
            [
              -87.49622,
              38.780268
            ],
            [
              -87.512651,
              38.95553
            ],
            [
              -87.63862,
              39.169131
            ],
            [
              -87.529082,
              39.34987
            ],
            [
              -87.523605,
              41.710431
            ],
            [
              -87.42502,
              41.644708
            ],
            [
              -87.118311,
              41.644708
            ],
            [
              -86.822556,
              41.759724
            ],
            [
              -85.990061,
              41.759724
            ]
          ]
        ]
      }
    },
    {
      "type": "Feature",
      "id": "IA",
      "properties": {
        "id": "IA",
        "name": "Iowa"
      },
      "geometry": {
        "type": "Polygon",
        "coordinates": [
          [
            [
              -91.368417,
              43.501391
            ],
            [
              -91.215062,
              43.501391
            ],
            [
              -91.204109,
              43.353514
            ],
            [
              -91.056231,
              43.254929
            ],
            [
              -91.176724,
              43.134436
            ],
            [
              -91.143862,
              42.909881
            ],
            [
              -91.067185,
              42.75105
            ],
            [
              -90.711184,
              42.636034
            ],
            [
              -90.639984,
              42.510065
            ],
            [
              -90.420906,
              42.329326
            ],
            [
              -90.393521,
              42.225264
            ],
            [
              -90.168967,
              42.126679
            ],
            [
              -90.141582,
              42.000709
            ],
            [
              -90.179921,
              41.809016
            ],
            [
              -90.311367,
              41.743293
            ],
            [
              -90.344229,
              41.589939
            ],
            [
              -90.656414,
              41.463969
            ],
            [
              -91.045277,
              41.414677
            ],
            [
              -91.111001,
              41.239415
            ],
            [
              -90.946692,
              41.097014
            ],
            [
              -90.963123,
              40.921752
            ],
            [
              -91.09457,
              40.823167
            ],
            [
              -91.121954,
              40.669813
            ],
            [
              -91.401278,
              40.560274
            ],
            [
              -91.417709,
              40.379535
            ],
            [
              -91.527248,
              40.412397
            ],
            [
              -91.729895,
              40.615043
            ],
            [
              -91.833957,
              40.609566
            ],
            [
              -93.257961,
              40.582182
            ],
            [
              -94.632673,
              40.571228
            ],
            [
              -95.7664,
              40.587659
            ],
            [
              -95.881416,
              40.719105
            ],
            [
              -95.826646,
              40.976521
            ],
            [
              -95.925231,
              41.201076
            ],
            [
              -95.919754,
              41.453015
            ],
            [
              -96.095016,
              41.540646
            ],
            [
              -96.122401,
              41.67757
            ],
            [
              -96.062155,
              41.798063
            ],
            [
              -96.127878,
              41.973325
            ],
            [
              -96.264801,
              42.039048
            ],
            [
              -96.44554,
              42.488157
            ],
            [
              -96.631756,
              42.707235
            ],
            [
              -96.544125,
              42.855112
            ],
            [
              -96.511264,
              43.052282
            ],
            [
              -96.434587,
              43.123482
            ],
            [
              -96.560556,
              43.222067
            ],
            [
              -96.527695,
              43.397329
            ],
            [
              -96.582464,
              43.479483
            ],
            [
              -96.451017,
              43.501391
            ],
            [
              -91.368417,
              43.501391
            ]
          ]
        ]
      }
    },
    {
      "type": "Feature",
      "id": "KS",
      "properties": {
        "id": "KS",
        "name": "Kansas"
      },
      "geometry": {
        "type": "Polygon",
        "coordinates": [
          [
            [
              -101.90605,
              40.001626
            ],
            [
              -95.306337,
              40.001626
            ],
            [
              -95.207752,
              39.908518
            ],
            [
              -94.884612,
              39.831841
            ],
            [
              -95.109167,
              39.541563
            ],
            [
              -94.983197,
              39.442978
            ],
            [
              -94.824366,
              39.20747
            ],
            [
              -94.610765,
              39.158177
            ],
            [
              -94.616242,
              37.000263
            ],
            [
              -100.087706,
              37.000263
            ],
            [
              -102.042974,
              36.994786
            ],
            [
              -102.053927,
              40.001626
            ],
            [
              -101.90605,
              40.001626
            ]
          ]
        ]
      }
    },
    {
      "type": "Feature",
      "id": "KY",
      "properties": {
        "id": "KY",
        "name": "Kentucky"
      },
      "geometry": {
        "type": "Polygon",
        "coordinates": [
          [
            [
              -83.903347,
              38.769315
            ],
            [
              -83.678792,
              38.632391
            ],
            [
              -83.519961,
              38.703591
            ],
            [
              -83.142052,
              38.626914
            ],
            [
              -83.032514,
              38.725499
            ],
            [
              -82.890113,
              38.758361
            ],
            [
              -82.846298,
              38.588575
            ],
            [
              -82.731282,
              38.561191
            ],
            [
              -82.594358,
              38.424267
            ],
            [
              -82.621743,
              38.123036
            ],
            [
              -82.50125,
              37.931343
            ],
            [
              -82.342419,
              37.783465
            ],
            [
              -82.293127,
              37.668449
            ],
            [
              -82.101434,
              37.553434
            ],
            [
              -81.969987,
              37.537003
            ],
            [
              -82.353373,
              37.268633
            ],
            [
              -82.720328,
              37.120755
            ],
            [
              -82.720328,
              37.044078
            ],
            [
              -82.868205,
              36.978355
            ],
            [
              -82.879159,
              36.890724
            ],
            [
              -83.070852,
              36.852385
            ],
            [
              -83.136575,
              36.742847
            ],
            [
              -83.673316,
              36.600446
            ],
            [
              -83.689746,
              36.584015
            ],
            [
              -84.544149,
              36.594969
            ],
            [
              -85.289013,
              36.627831
            ],
            [
              -85.486183,
              36.616877
            ],
            [
              -86.592525,
              36.655216
            ],
            [
              -87.852221,
              36.633308
            ],
            [
              -88.071299,
              36.677123
            ],
            [
              -88.054868,
              36.496384
            ],
            [
              -89.298133,
              36.507338
            ],
            [
              -89.418626,
              36.496384
            ],
            [
              -89.363857,
              36.622354
            ],
            [
              -89.215979,
              36.578538
            ],
            [
              -89.133825,
              36.983832
            ],
            [
              -89.183118,
              37.038601
            ],
            [
              -89.029763,
              37.213863
            ],
            [
              -88.914747,
              37.224817
            ],
            [
              -88.547792,
              37.071463
            ],
            [
              -88.421823,
              37.153617
            ],
            [
              -88.514931,
              37.285064
            ],
            [
              -88.476592,
              37.389126
            ],
            [
              -88.065822,
              37.482234
            ],
            [
              -88.15893,
              37.657496
            ],
            [
              -88.027483,
              37.799896
            ],
            [
              -87.934375,
              37.893004
            ],
            [
              -87.682436,
              37.903958
            ],
            [
              -87.600282,
              37.975158
            ],
            [
              -87.512651,
              37.903958
            ],
            [
              -87.381204,
              37.93682
            ],
            [
              -87.129265,
              37.788942
            ],
            [
              -87.047111,
              37.893004
            ],
            [
              -86.795172,
              37.991589
            ],
            [
              -86.729448,
              37.893004
            ],
            [
              -86.504894,
              37.931343
            ],
            [
              -86.521325,
              38.040881
            ],
            [
              -86.302247,
              38.166851
            ],
            [
              -86.263908,
              38.051835
            ],
            [
              -86.039354,
              37.958727
            ],
            [
              -85.924338,
              38.024451
            ],
            [
              -85.83123,
              38.27639
            ],
            [
              -85.655968,
              38.325682
            ],
            [
              -85.590245,
              38.451652
            ],
            [
              -85.42046,
              38.533806
            ],
            [
              -85.431413,
              38.730976
            ],
            [
              -85.173997,
              38.68716
            ],
            [
              -84.987781,
              38.780268
            ],
            [
              -84.812519,
              38.785745
            ],
            [
              -84.894673,
              39.059592
            ],
            [
              -84.817996,
              39.103408
            ],
            [
              -84.43461,
              39.103408
            ],
            [
              -84.231963,
              38.895284
            ],
            [
              -84.215533,
              38.807653
            ],
            [
              -83.903347,
              38.769315
            ]
          ]
        ]
      }
    },
    {
      "type": "Feature",
      "id": "LA",
      "properties": {
        "id": "LA",
        "name": "Louisiana"
      },
      "geometry": {
        "type": "Polygon",
        "coordinates": [
          [
            [
              -93.608485,
              33.018527
            ],
            [
              -91.16577,
              33.002096
            ],
            [
              -91.072662,
              32.887081
            ],
            [
              -91.143862,
              32.843265
            ],
            [
              -91.154816,
              32.640618
            ],
            [
              -91.006939,
              32.514649
            ],
            [
              -90.985031,
              32.218894
            ],
            [
              -91.105524,
              31.988862
            ],
            [
              -91.341032,
              31.846462
            ],
            [
              -91.401278,
              31.621907
            ],
            [
              -91.499863,
              31.643815
            ],
            [
              -91.516294,
              31.27686
            ],
            [
              -91.636787,
              31.265906
            ],
            [
              -91.565587,
              31.068736
            ],
            [
              -91.636787,
              30.997536
            ],
            [
              -89.747242,
              30.997536
            ],
            [
              -89.845827,
              30.66892
            ],
            [
              -89.681519,
              30.449842
            ],
            [
              -89.643181,
              30.285534
            ],
            [
              -89.522688,
              30.181472
            ],
            [
              -89.818443,
              30.044549
            ],
            [
              -89.84035,
              29.945964
            ],
            [
              -89.599365,
              29.88024
            ],
            [
              -89.495303,
              30.039072
            ],
            [
              -89.287179,
              29.88024
            ],
            [
              -89.30361,
              29.754271
            ],
            [
              -89.424103,
              29.699501
            ],
            [
              -89.648657,
              29.748794
            ],
            [
              -89.621273,
              29.655686
            ],
            [
              -89.69795,
              29.513285
            ],
            [
              -89.506257,
              29.387316
            ],
            [
              -89.199548,
              29.348977
            ],
            [
              -89.09001,
              29.2011
            ],
            [
              -89.002379,
              29.179192
            ],
            [
              -89.16121,
              29.009407
            ],
            [
              -89.336472,
              29.042268
            ],
            [
              -89.484349,
              29.217531
            ],
            [
              -89.851304,
              29.310638
            ],
            [
              -89.851304,
              29.480424
            ],
            [
              -90.032043,
              29.425654
            ],
            [
              -90.021089,
              29.283254
            ],
            [
              -90.103244,
              29.151807
            ],
            [
              -90.23469,
              29.129899
            ],
            [
              -90.333275,
              29.277777
            ],
            [
              -90.563307,
              29.283254
            ],
            [
              -90.645461,
              29.129899
            ],
            [
              -90.798815,
              29.086084
            ],
            [
              -90.963123,
              29.179192
            ],
            [
              -91.09457,
              29.190146
            ],
            [
              -91.220539,
              29.436608
            ],
            [
              -91.445094,
              29.546147
            ],
            [
              -91.532725,
              29.529716
            ],
            [
              -91.620356,
              29.73784
            ],
            [
              -91.883249,
              29.710455
            ],
            [
              -91.888726,
              29.836425
            ],
            [
              -92.146142,
              29.715932
            ],
            [
              -92.113281,
              29.622824
            ],
            [
              -92.31045,
              29.535193
            ],
            [
              -92.617159,
              29.579009
            ],
            [
              -92.97316,
              29.715932
            ],
            [
              -93.2251,
              29.776178
            ],
            [
              -93.767317,
              29.726886
            ],
            [
              -93.838517,
              29.688547
            ],
            [
              -93.926148,
              29.787132
            ],
            [
              -93.690639,
              30.143133
            ],
            [
              -93.767317,
              30.334826
            ],
            [
              -93.696116,
              30.438888
            ],
            [
              -93.728978,
              30.575812
            ],
            [
              -93.630393,
              30.679874
            ],
            [
              -93.526331,
              30.93729
            ],
            [
              -93.542762,
              31.15089
            ],
            [
              -93.816609,
              31.556184
            ],
            [
              -93.822086,
              31.775262
            ],
            [
              -94.041164,
              31.994339
            ],
            [
              -94.041164,
              33.018527
            ],
            [
              -93.608485,
              33.018527
            ]
          ]
        ]
      }
    },
    {
      "type": "Feature",
      "id": "ME",
      "properties": {
        "id": "ME",
        "name": "Maine"
      },
      "geometry": {
        "type": "Polygon",
        "coordinates": [
          [
            [
              -70.703921,
              43.057759
            ],
            [
              -70.824413,
              43.128959
            ],
            [
              -70.807983,
              43.227544
            ],
            [
              -70.966814,
              43.34256
            ],
            [
              -71.032537,
              44.657025
            ],
            [
              -71.08183,
              45.303304
            ],
            [
              -70.649151,
              45.440228
            ],
            [
              -70.720352,
              45.511428
            ],
            [
              -70.556043,
              45.664782
            ],
            [
              -70.386258,
              45.735983
            ],
            [
              -70.41912,
              45.796229
            ],
            [
              -70.260289,
              45.889337
            ],
            [
              -70.309581,
              46.064599
            ],
            [
              -70.210996,
              46.327492
            ],
            [
              -70.057642,
              46.415123
            ],
            [
              -69.997395,
              46.694447
            ],
            [
              -69.225147,
              47.461219
            ],
            [
              -69.044408,
              47.428357
            ],
            [
              -69.033454,
              47.242141
            ],
            [
              -68.902007,
              47.176418
            ],
            [
              -68.578868,
              47.285957
            ],
            [
              -68.376221,
              47.285957
            ],
            [
              -68.233821,
              47.357157
            ],
            [
              -67.954497,
              47.198326
            ],
            [
              -67.790188,
              47.066879
            ],
            [
              -67.779235,
              45.944106
            ],
            [
              -67.801142,
              45.675736
            ],
            [
              -67.456095,
              45.604536
            ],
            [
              -67.505388,
              45.48952
            ],
            [
              -67.417757,
              45.379982
            ],
            [
              -67.488957,
              45.281397
            ],
            [
              -67.346556,
              45.128042
            ],
            [
              -67.16034,
              45.160904
            ],
            [
              -66.979601,
              44.804903
            ],
            [
              -67.187725,
              44.646072
            ],
            [
              -67.308218,
              44.706318
            ],
            [
              -67.406803,
              44.596779
            ],
            [
              -67.549203,
              44.624164
            ],
            [
              -67.565634,
              44.531056
            ],
            [
              -67.75185,
              44.54201
            ],
            [
              -68.047605,
              44.328409
            ],
            [
              -68.118805,
              44.476286
            ],
            [
              -68.222867,
              44.48724
            ],
            [
              -68.173574,
              44.328409
            ],
            [
              -68.403606,
              44.251732
            ],
            [
              -68.458375,
              44.377701
            ],
            [
              -68.567914,
              44.311978
            ],
            [
              -68.82533,
              44.311978
            ],
            [
              -68.830807,
              44.459856
            ],
            [
              -68.984161,
              44.426994
            ],
            [
              -68.956777,
              44.322932
            ],
            [
              -69.099177,
              44.103854
            ],
            [
              -69.071793,
              44.043608
            ],
            [
              -69.258008,
              43.923115
            ],
            [
              -69.444224,
              43.966931
            ],
            [
              -69.553763,
              43.840961
            ],
            [
              -69.707118,
              43.82453
            ],
            [
              -69.833087,
              43.720469
            ],
            [
              -69.986442,
              43.742376
            ],
            [
              -70.030257,
              43.851915
            ],
            [
              -70.254812,
              43.676653
            ],
            [
              -70.194565,
              43.567114
            ],
            [
              -70.358873,
              43.528776
            ],
            [
              -70.369827,
              43.435668
            ],
            [
              -70.556043,
              43.320652
            ],
            [
              -70.703921,
              43.057759
            ]
          ]
        ]
      }
    },
    {
      "type": "Feature",
      "id": "MD",
      "properties": {
        "id": "MD",
        "name": "Maryland"
      },
      "geometry": {
        "type": "MultiPolygon",
        "coordinates": [
          [
            [
              [
                -75.994645,
                37.95325
              ],
              [
                -76.016553,
                37.95325
              ],
              [
                -76.043938,
                37.95325
              ],
              [
                -75.994645,
                37.95325
              ]
            ]
          ],
          [
            [
              [
                -79.477979,
                39.722302
              ],
              [
                -75.786521,
                39.722302
              ],
              [
                -75.693413,
                38.462606
              ],
              [
                -75.047134,
                38.451652
              ],
              [
                -75.244304,
                38.029928
              ],
              [
                -75.397659,
                38.013497
              ],
              [
                -75.671506,
                37.95325
              ],
              [
                -75.885106,
                37.909435
              ],
              [
                -75.879629,
                38.073743
              ],
              [
                -75.961783,
                38.139466
              ],
              [
                -75.846768,
                38.210667
              ],
              [
                -76.000122,
                38.374975
              ],
              [
                -76.049415,
                38.303775
              ],
              [
                -76.257538,
                38.320205
              ],
              [
                -76.328738,
                38.500944
              ],
              [
                -76.263015,
                38.500944
              ],
              [
                -76.257538,
                38.736453
              ],
              [
                -76.191815,
                38.829561
              ],
              [
                -76.279446,
                39.147223
              ],
              [
                -76.169907,
                39.333439
              ],
              [
                -76.000122,
                39.366301
              ],
              [
                -75.972737,
                39.557994
              ],
              [
                -76.098707,
                39.536086
              ],
              [
                -76.104184,
                39.437501
              ],
              [
                -76.367077,
                39.311532
              ],
              [
                -76.443754,
                39.196516
              ],
              [
                -76.460185,
                38.906238
              ],
              [
                -76.55877,
                38.769315
              ],
              [
                -76.514954,
                38.539283
              ],
              [
                -76.383508,
                38.380452
              ],
              [
                -76.399939,
                38.259959
              ],
              [
                -76.317785,
                38.139466
              ],
              [
                -76.3616,
                38.057312
              ],
              [
                -76.591632,
                38.216144
              ],
              [
                -76.920248,
                38.292821
              ],
              [
                -77.018833,
                38.446175
              ],
              [
                -77.205049,
                38.358544
              ],
              [
                -77.276249,
                38.479037
              ],
              [
                -77.128372,
                38.632391
              ],
              [
                -77.040741,
                38.791222
              ],
              [
                -76.909294,
                38.895284
              ],
              [
                -77.035264,
                38.993869
              ],
              [
                -77.117418,
                38.933623
              ],
              [
                -77.248864,
                39.026731
              ],
              [
                -77.456988,
                39.076023
              ],
              [
                -77.456988,
                39.223901
              ],
              [
                -77.566527,
                39.306055
              ],
              [
                -77.719881,
                39.322485
              ],
              [
                -77.834897,
                39.601809
              ],
              [
                -78.004682,
                39.601809
              ],
              [
                -78.174467,
                39.694917
              ],
              [
                -78.267575,
                39.61824
              ],
              [
                -78.431884,
                39.623717
              ],
              [
                -78.470222,
                39.514178
              ],
              [
                -78.765977,
                39.585379
              ],
              [
                -78.963147,
                39.437501
              ],
              [
                -79.094593,
                39.470363
              ],
              [
                -79.291763,
                39.300578
              ],
              [
                -79.488933,
                39.20747
              ],
              [
                -79.477979,
                39.722302
              ]
            ]
          ]
        ]
      }
    },
    {
      "type": "Feature",
      "id": "MA",
      "properties": {
        "id": "MA",
        "name": "Massachusetts"
      },
      "geometry": {
        "type": "Polygon",
        "coordinates": [
          [
            [
              -70.917521,
              42.887974
            ],
            [
              -70.818936,
              42.871543
            ],
            [
              -70.780598,
              42.696281
            ],
            [
              -70.824413,
              42.55388
            ],
            [
              -70.983245,
              42.422434
            ],
            [
              -70.988722,
              42.269079
            ],
            [
              -70.769644,
              42.247172
            ],
            [
              -70.638197,
              42.08834
            ],
            [
              -70.660105,
              41.962371
            ],
            [
              -70.550566,
              41.929509
            ],
            [
              -70.539613,
              41.814493
            ],
            [
              -70.260289,
              41.715908
            ],
            [
              -69.937149,
              41.809016
            ],
            [
              -70.008349,
              41.672093
            ],
            [
              -70.484843,
              41.5516
            ],
            [
              -70.660105,
              41.546123
            ],
            [
              -70.764167,
              41.639231
            ],
            [
              -70.928475,
              41.611847
            ],
            [
              -70.933952,
              41.540646
            ],
            [
              -71.120168,
              41.496831
            ],
            [
              -71.196845,
              41.67757
            ],
            [
              -71.22423,
              41.710431
            ],
            [
              -71.328292,
              41.781632
            ],
            [
              -71.383061,
              42.01714
            ],
            [
              -71.530939,
              42.01714
            ],
            [
              -71.799309,
              42.006186
            ],
            [
              -71.799309,
              42.022617
            ],
            [
              -73.053528,
              42.039048
            ],
            [
              -73.486206,
              42.050002
            ],
            [
              -73.508114,
              42.08834
            ],
            [
              -73.267129,
              42.745573
            ],
            [
              -72.456542,
              42.729142
            ],
            [
              -71.29543,
              42.696281
            ],
            [
              -71.185891,
              42.789389
            ],
            [
              -70.917521,
              42.887974
            ]
          ]
        ]
      }
    },
    {
      "type": "Feature",
      "id": "MI",
      "properties": {
        "id": "MI",
        "name": "Michigan"
      },
      "geometry": {
        "type": "MultiPolygon",
        "coordinates": [
          [
            [
              [
                -83.454238,
                41.732339
              ],
              [
                -84.807042,
                41.694001
              ],
              [
                -84.807042,
                41.759724
              ],
              [
                -85.990061,
                41.759724
              ],
              [
                -86.822556,
                41.759724
              ],
              [
                -86.619909,
                41.891171
              ],
              [
                -86.482986,
                42.115725
              ],
              [
                -86.357016,
                42.252649
              ],
              [
                -86.263908,
                42.444341
              ],
              [
                -86.209139,
                42.718189
              ],
              [
                -86.231047,
                43.013943
              ],
              [
                -86.526801,
                43.594499
              ],
              [
                -86.433693,
                43.813577
              ],
              [
                -86.499417,
                44.07647
              ],
              [
                -86.269385,
                44.34484
              ],
              [
                -86.220093,
                44.569394
              ],
              [
                -86.252954,
                44.689887
              ],
              [
                -86.088646,
                44.73918
              ],
              [
                -86.066738,
                44.903488
              ],
              [
                -85.809322,
                44.947303
              ],
              [
                -85.612152,
                45.128042
              ],
              [
                -85.628583,
                44.766564
              ],
              [
                -85.524521,
                44.750133
              ],
              [
                -85.393075,
                44.930872
              ],
              [
                -85.387598,
                45.237581
              ],
              [
                -85.305444,
                45.314258
              ],
              [
                -85.031597,
                45.363551
              ],
              [
                -85.119228,
                45.577151
              ],
              [
                -84.938489,
                45.75789
              ],
              [
                -84.713934,
                45.768844
              ],
              [
                -84.461995,
                45.653829
              ],
              [
                -84.215533,
                45.637398
              ],
              [
                -84.09504,
                45.494997
              ],
              [
                -83.908824,
                45.484043
              ],
              [
                -83.596638,
                45.352597
              ],
              [
                -83.4871,
                45.358074
              ],
              [
                -83.317314,
                45.144473
              ],
              [
                -83.454238,
                45.029457
              ],
              [
                -83.322791,
                44.88158
              ],
              [
                -83.273499,
                44.711795
              ],
              [
                -83.333745,
                44.339363
              ],
              [
                -83.536392,
                44.246255
              ],
              [
                -83.585684,
                44.054562
              ],
              [
                -83.82667,
                43.988839
              ],
              [
                -83.958116,
                43.758807
              ],
              [
                -83.908824,
                43.671176
              ],
              [
                -83.667839,
                43.589022
              ],
              [
                -83.481623,
                43.714992
              ],
              [
                -83.262545,
                43.972408
              ],
              [
                -82.917498,
                44.070993
              ],
              [
                -82.747713,
                43.994316
              ],
              [
                -82.643651,
                43.851915
              ],
              [
                -82.539589,
                43.435668
              ],
              [
                -82.523158,
                43.227544
              ],
              [
                -82.413619,
                42.975605
              ],
              [
                -82.517681,
                42.614127
              ],
              [
                -82.681989,
                42.559357
              ],
              [
                -82.687466,
                42.690804
              ],
              [
                -82.797005,
                42.652465
              ],
              [
                -82.922975,
                42.351234
              ],
              [
                -83.125621,
                42.236218
              ],
              [
                -83.185868,
                42.006186
              ],
              [
                -83.437807,
                41.814493
              ],
              [
                -83.454238,
                41.732339
              ]
            ]
          ],
          [
            [
              [
                -85.508091,
                45.730506
              ],
              [
                -85.49166,
                45.610013
              ],
              [
                -85.623106,
                45.588105
              ],
              [
                -85.568337,
                45.75789
              ],
              [
                -85.508091,
                45.730506
              ]
            ]
          ],
          [
            [
              [
                -87.589328,
                45.095181
              ],
              [
                -87.742682,
                45.199243
              ],
              [
                -87.649574,
                45.341643
              ],
              [
                -87.885083,
                45.363551
              ],
              [
                -87.791975,
                45.500474
              ],
              [
                -87.781021,
                45.675736
              ],
              [
                -87.989145,
                45.796229
              ],
              [
                -88.10416,
                45.922199
              ],
              [
                -88.531362,
                46.020784
              ],
              [
                -88.662808,
                45.987922
              ],
              [
                -89.09001,
                46.135799
              ],
              [
                -90.119674,
                46.338446
              ],
              [
                -90.229213,
                46.508231
              ],
              [
                -90.415429,
                46.568478
              ],
              [
                -90.026566,
                46.672539
              ],
              [
                -89.851304,
                46.793032
              ],
              [
                -89.413149,
                46.842325
              ],
              [
                -89.128348,
                46.990202
              ],
              [
                -88.996902,
                46.995679
              ],
              [
                -88.887363,
                47.099741
              ],
              [
                -88.575177,
                47.247618
              ],
              [
                -88.416346,
                47.373588
              ],
              [
                -88.180837,
                47.455742
              ],
              [
                -87.956283,
                47.384542
              ],
              [
                -88.350623,
                47.077833
              ],
              [
                -88.443731,
                46.973771
              ],
              [
                -88.438254,
                46.787555
              ],
              [
                -88.246561,
                46.929956
              ],
              [
                -87.901513,
                46.908048
              ],
              [
                -87.633143,
                46.809463
              ],
              [
                -87.392158,
                46.535616
              ],
              [
                -87.260711,
                46.486323
              ],
              [
                -87.008772,
                46.530139
              ],
              [
                -86.948526,
                46.469893
              ],
              [
                -86.696587,
                46.437031
              ],
              [
                -86.159846,
                46.667063
              ],
              [
                -85.880522,
                46.68897
              ],
              [
                -85.508091,
                46.678016
              ],
              [
                -85.256151,
                46.754694
              ],
              [
                -85.064458,
                46.760171
              ],
              [
                -85.02612,
                46.480847
              ],
              [
                -84.82895,
                46.442508
              ],
              [
                -84.63178,
                46.486323
              ],
              [
                -84.549626,
                46.4206
              ],
              [
                -84.418179,
                46.502754
              ],
              [
                -84.127902,
                46.530139
              ],
              [
                -84.122425,
                46.179615
              ],
              [
                -83.990978,
                46.031737
              ],
              [
                -83.793808,
                45.993399
              ],
              [
                -83.7719,
                46.091984
              ],
              [
                -83.580208,
                46.091984
              ],
              [
                -83.476146,
                45.987922
              ],
              [
                -83.563777,
                45.911245
              ],
              [
                -84.111471,
                45.976968
              ],
              [
                -84.374364,
                45.933153
              ],
              [
                -84.659165,
                46.053645
              ],
              [
                -84.741319,
                45.944106
              ],
              [
                -84.70298,
                45.850998
              ],
              [
                -84.82895,
                45.872906
              ],
              [
                -85.015166,
                46.00983
              ],
              [
                -85.338305,
                46.091984
              ],
              [
                -85.502614,
                46.097461
              ],
              [
                -85.661445,
                45.966014
              ],
              [
                -85.924338,
                45.933153
              ],
              [
                -86.209139,
                45.960537
              ],
              [
                -86.324155,
                45.905768
              ],
              [
                -86.351539,
                45.796229
              ],
              [
                -86.663725,
                45.703121
              ],
              [
                -86.647294,
                45.834568
              ],
              [
                -86.784218,
                45.861952
              ],
              [
                -86.838987,
                45.725029
              ],
              [
                -87.069019,
                45.719552
              ],
              [
                -87.17308,
                45.659305
              ],
              [
                -87.326435,
                45.423797
              ],
              [
                -87.611236,
                45.122565
              ],
              [
                -87.589328,
                45.095181
              ]
            ]
          ],
          [
            [
              [
                -88.805209,
                47.976051
              ],
              [
                -89.057148,
                47.850082
              ],
              [
                -89.188594,
                47.833651
              ],
              [
                -89.177641,
                47.937713
              ],
              [
                -88.547792,
                48.173221
              ],
              [
                -88.668285,
                48.008913
              ],
              [
                -88.805209,
                47.976051
              ]
            ]
          ]
        ]
      }
    },
    {
      "type": "Feature",
      "id": "MN",
      "properties": {
        "id": "MN",
        "name": "Minnesota"
      },
      "geometry": {
        "type": "Polygon",
        "coordinates": [
          [
            [
              -92.014696,
              46.705401
            ],
            [
              -92.091373,
              46.749217
            ],
            [
              -92.29402,
              46.667063
            ],
            [
              -92.29402,
              46.075553
            ],
            [
              -92.354266,
              46.015307
            ],
            [
              -92.639067,
              45.933153
            ],
            [
              -92.869098,
              45.719552
            ],
            [
              -92.885529,
              45.577151
            ],
            [
              -92.770513,
              45.566198
            ],
            [
              -92.644544,
              45.440228
            ],
            [
              -92.75956,
              45.286874
            ],
            [
              -92.737652,
              45.117088
            ],
            [
              -92.808852,
              44.750133
            ],
            [
              -92.545959,
              44.569394
            ],
            [
              -92.337835,
              44.552964
            ],
            [
              -92.233773,
              44.443425
            ],
            [
              -91.927065,
              44.333886
            ],
            [
              -91.877772,
              44.202439
            ],
            [
              -91.592971,
              44.032654
            ],
            [
              -91.43414,
              43.994316
            ],
            [
              -91.242447,
              43.775238
            ],
            [
              -91.269832,
              43.616407
            ],
            [
              -91.215062,
              43.501391
            ],
            [
              -91.368417,
              43.501391
            ],
            [
              -96.451017,
              43.501391
            ],
            [
              -96.451017,
              45.297827
            ],
            [
              -96.681049,
              45.412843
            ],
            [
              -96.856311,
              45.604536
            ],
            [
              -96.582464,
              45.818137
            ],
            [
              -96.560556,
              45.933153
            ],
            [
              -96.598895,
              46.332969
            ],
            [
              -96.719387,
              46.437031
            ],
            [
              -96.801542,
              46.656109
            ],
            [
              -96.785111,
              46.924479
            ],
            [
              -96.823449,
              46.968294
            ],
            [
              -96.856311,
              47.609096
            ],
            [
              -97.053481,
              47.948667
            ],
            [
              -97.130158,
              48.140359
            ],
            [
              -97.16302,
              48.545653
            ],
            [
              -97.097296,
              48.682577
            ],
            [
              -97.228743,
              49.000239
            ],
            [
              -95.152983,
              49.000239
            ],
            [
              -95.152983,
              49.383625
            ],
            [
              -94.955813,
              49.372671
            ],
            [
              -94.824366,
              49.295994
            ],
            [
              -94.69292,
              48.775685
            ],
            [
              -94.588858,
              48.715438
            ],
            [
              -94.260241,
              48.699007
            ],
            [
              -94.221903,
              48.649715
            ],
            [
              -93.838517,
              48.627807
            ],
            [
              -93.794701,
              48.518268
            ],
            [
              -93.466085,
              48.545653
            ],
            [
              -93.466085,
              48.589469
            ],
            [
              -93.208669,
              48.644238
            ],
            [
              -92.984114,
              48.62233
            ],
            [
              -92.726698,
              48.540176
            ],
            [
              -92.655498,
              48.436114
            ],
            [
              -92.50762,
              48.447068
            ],
            [
              -92.370697,
              48.222514
            ],
            [
              -92.304974,
              48.315622
            ],
            [
              -92.053034,
              48.359437
            ],
            [
              -92.009219,
              48.266329
            ],
            [
              -91.713464,
              48.200606
            ],
            [
              -91.713464,
              48.112975
            ],
            [
              -91.565587,
              48.041775
            ],
            [
              -91.264355,
              48.080113
            ],
            [
              -91.083616,
              48.178698
            ],
            [
              -90.837154,
              48.238944
            ],
            [
              -90.749522,
              48.091067
            ],
            [
              -90.579737,
              48.123929
            ],
            [
              -90.377091,
              48.091067
            ],
            [
              -90.141582,
              48.112975
            ],
            [
              -89.873212,
              47.987005
            ],
            [
              -89.615796,
              48.008913
            ],
            [
              -89.637704,
              47.954144
            ],
            [
              -89.971797,
              47.828174
            ],
            [
              -90.437337,
              47.729589
            ],
            [
              -90.738569,
              47.625527
            ],
            [
              -91.171247,
              47.368111
            ],
            [
              -91.357463,
              47.20928
            ],
            [
              -91.642264,
              47.028541
            ],
            [
              -92.091373,
              46.787555
            ],
            [
              -92.014696,
              46.705401
            ]
          ]
        ]
      }
    },
    {
      "type": "Feature",
      "id": "MS",
      "properties": {
        "id": "MS",
        "name": "Mississippi"
      },
      "geometry": {
        "type": "Polygon",
        "coordinates": [
          [
            [
              -88.471115,
              34.995703
            ],
            [
              -88.202745,
              34.995703
            ],
            [
              -88.098683,
              34.891641
            ],
            [
              -88.241084,
              33.796253
            ],
            [
              -88.471115,
              31.895754
            ],
            [
              -88.394438,
              30.367688
            ],
            [
              -88.503977,
              30.323872
            ],
            [
              -88.744962,
              30.34578
            ],
            [
              -88.843547,
              30.411504
            ],
            [
              -89.084533,
              30.367688
            ],
            [
              -89.418626,
              30.252672
            ],
            [
              -89.522688,
              30.181472
            ],
            [
              -89.643181,
              30.285534
            ],
            [
              -89.681519,
              30.449842
            ],
            [
              -89.845827,
              30.66892
            ],
            [
              -89.747242,
              30.997536
            ],
            [
              -91.636787,
              30.997536
            ],
            [
              -91.565587,
              31.068736
            ],
            [
              -91.636787,
              31.265906
            ],
            [
              -91.516294,
              31.27686
            ],
            [
              -91.499863,
              31.643815
            ],
            [
              -91.401278,
              31.621907
            ],
            [
              -91.341032,
              31.846462
            ],
            [
              -91.105524,
              31.988862
            ],
            [
              -90.985031,
              32.218894
            ],
            [
              -91.006939,
              32.514649
            ],
            [
              -91.154816,
              32.640618
            ],
            [
              -91.143862,
              32.843265
            ],
            [
              -91.072662,
              32.887081
            ],
            [
              -91.16577,
              33.002096
            ],
            [
              -91.089093,
              33.13902
            ],
            [
              -91.143862,
              33.347144
            ],
            [
              -91.056231,
              33.429298
            ],
            [
              -91.231493,
              33.560744
            ],
            [
              -91.072662,
              33.867453
            ],
            [
              -90.891923,
              34.026284
            ],
            [
              -90.952169,
              34.135823
            ],
            [
              -90.744046,
              34.300131
            ],
            [
              -90.749522,
              34.365854
            ],
            [
              -90.568783,
              34.420624
            ],
            [
              -90.585214,
              34.617794
            ],
            [
              -90.481152,
              34.661609
            ],
            [
              -90.409952,
              34.831394
            ],
            [
              -90.251121,
              34.908072
            ],
            [
              -90.311367,
              34.995703
            ],
            [
              -88.471115,
              34.995703
            ]
          ]
        ]
      }
    },
    {
      "type": "Feature",
      "id": "MO",
      "properties": {
        "id": "MO",
        "name": "Missouri"
      },
      "geometry": {
        "type": "Polygon",
        "coordinates": [
          [
            [
              -91.833957,
              40.609566
            ],
            [
              -91.729895,
              40.615043
            ],
            [
              -91.527248,
              40.412397
            ],
            [
              -91.417709,
              40.379535
            ],
            [
              -91.50534,
              40.237135
            ],
            [
              -91.494386,
              40.034488
            ],
            [
              -91.368417,
              39.727779
            ],
            [
              -91.061708,
              39.470363
            ],
            [
              -90.727615,
              39.256762
            ],
            [
              -90.661891,
              38.928146
            ],
            [
              -90.585214,
              38.867899
            ],
            [
              -90.470199,
              38.961007
            ],
            [
              -90.251121,
              38.917192
            ],
            [
              -90.10872,
              38.845992
            ],
            [
              -90.207305,
              38.725499
            ],
            [
              -90.179921,
              38.632391
            ],
            [
              -90.349706,
              38.374975
            ],
            [
              -90.355183,
              38.216144
            ],
            [
              -90.059428,
              38.013497
            ],
            [
              -89.949889,
              37.88205
            ],
            [
              -89.84035,
              37.903958
            ],
            [
              -89.517211,
              37.690357
            ],
            [
              -89.517211,
              37.537003
            ],
            [
              -89.435057,
              37.34531
            ],
            [
              -89.517211,
              37.279587
            ],
            [
              -89.292656,
              36.994786
            ],
            [
              -89.133825,
              36.983832
            ],
            [
              -89.215979,
              36.578538
            ],
            [
              -89.363857,
              36.622354
            ],
            [
              -89.418626,
              36.496384
            ],
            [
              -89.484349,
              36.496384
            ],
            [
              -89.539119,
              36.496384
            ],
            [
              -89.533642,
              36.249922
            ],
            [
              -89.730812,
              35.997983
            ],
            [
              -90.377091,
              35.997983
            ],
            [
              -90.218259,
              36.184199
            ],
            [
              -90.064905,
              36.304691
            ],
            [
              -90.152536,
              36.496384
            ],
            [
              -94.473842,
              36.501861
            ],
            [
              -94.616242,
              36.501861
            ],
            [
              -94.616242,
              37.000263
            ],
            [
              -94.610765,
              39.158177
            ],
            [
              -94.824366,
              39.20747
            ],
            [
              -94.983197,
              39.442978
            ],
            [
              -95.109167,
              39.541563
            ],
            [
              -94.884612,
              39.831841
            ],
            [
              -95.207752,
              39.908518
            ],
            [
              -95.306337,
              40.001626
            ],
            [
              -95.552799,
              40.264519
            ],
            [
              -95.7664,
              40.587659
            ],
            [
              -94.632673,
              40.571228
            ],
            [
              -93.257961,
              40.582182
            ],
            [
              -91.833957,
              40.609566
            ]
          ]
        ]
      }
    },
    {
      "type": "Feature",
      "id": "MT",
      "properties": {
        "id": "MT",
        "name": "Montana"
      },
      "geometry": {
        "type": "Polygon",
        "coordinates": [
          [
            [
              -104.047534,
              49.000239
            ],
            [
              -104.042057,
              47.861036
            ],
            [
              -104.047534,
              45.944106
            ],
            [
              -104.042057,
              44.996596
            ],
            [
              -104.058488,
              44.996596
            ],
            [
              -105.91517,
              45.002073
            ],
            [
              -109.080842,
              45.002073
            ],
            [
              -111.05254,
              45.002073
            ],
            [
              -111.047063,
              44.476286
            ],
            [
              -111.227803,
              44.580348
            ],
            [
              -111.386634,
              44.75561
            ],
            [
              -111.616665,
              44.547487
            ],
            [
              -111.819312,
              44.509148
            ],
            [
              -111.868605,
              44.563917
            ],
            [
              -112.104113,
              44.520102
            ],
            [
              -112.241036,
              44.569394
            ],
            [
              -112.471068,
              44.481763
            ],
            [
              -112.783254,
              44.48724
            ],
            [
              -112.887315,
              44.394132
            ],
            [
              -113.002331,
              44.448902
            ],
            [
              -113.133778,
              44.772041
            ],
            [
              -113.341901,
              44.782995
            ],
            [
              -113.456917,
              44.865149
            ],
            [
              -113.45144,
              45.056842
            ],
            [
              -113.571933,
              45.128042
            ],
            [
              -113.736241,
              45.330689
            ],
            [
              -113.834826,
              45.522382
            ],
            [
              -113.807441,
              45.604536
            ],
            [
              -113.98818,
              45.703121
            ],
            [
              -114.086765,
              45.593582
            ],
            [
              -114.333228,
              45.456659
            ],
            [
              -114.546828,
              45.560721
            ],
            [
              -114.497536,
              45.670259
            ],
            [
              -114.568736,
              45.774321
            ],
            [
              -114.387997,
              45.88386
            ],
            [
              -114.492059,
              46.037214
            ],
            [
              -114.464674,
              46.272723
            ],
            [
              -114.322274,
              46.645155
            ],
            [
              -114.612552,
              46.639678
            ],
            [
              -114.623506,
              46.705401
            ],
            [
              -114.886399,
              46.809463
            ],
            [
              -114.930214,
              46.919002
            ],
            [
              -115.302646,
              47.187372
            ],
            [
              -115.324554,
              47.258572
            ],
            [
              -115.527201,
              47.302388
            ],
            [
              -115.718894,
              47.42288
            ],
            [
              -115.724371,
              47.696727
            ],
            [
              -116.04751,
              47.976051
            ],
            [
              -116.04751,
              49.000239
            ],
            [
              -111.50165,
              48.994762
            ],
            [
              -109.453274,
              49.000239
            ],
            [
              -104.047534,
              49.000239
            ]
          ]
        ]
      }
    },
    {
      "type": "Feature",
      "id": "NE",
      "properties": {
        "id": "NE",
        "name": "Nebraska"
      },
      "geometry": {
        "type": "Polygon",
        "coordinates": [
          [
            [
              -103.324578,
              43.002989
            ],
            [
              -101.626726,
              42.997512
            ],
            [
              -98.499393,
              42.997512
            ],
            [
              -98.466531,
              42.94822
            ],
            [
              -97.951699,
              42.767481
            ],
            [
              -97.831206,
              42.866066
            ],
            [
              -97.688806,
              42.844158
            ],
            [
              -97.217789,
              42.844158
            ],
            [
              -96.692003,
              42.657942
            ],
            [
              -96.626279,
              42.515542
            ],
            [
              -96.44554,
              42.488157
            ],
            [
              -96.264801,
              42.039048
            ],
            [
              -96.127878,
              41.973325
            ],
            [
              -96.062155,
              41.798063
            ],
            [
              -96.122401,
              41.67757
            ],
            [
              -96.095016,
              41.540646
            ],
            [
              -95.919754,
              41.453015
            ],
            [
              -95.925231,
              41.201076
            ],
            [
              -95.826646,
              40.976521
            ],
            [
              -95.881416,
              40.719105
            ],
            [
              -95.7664,
              40.587659
            ],
            [
              -95.552799,
              40.264519
            ],
            [
              -95.306337,
              40.001626
            ],
            [
              -101.90605,
              40.001626
            ],
            [
              -102.053927,
              40.001626
            ],
            [
              -102.053927,
              41.003906
            ],
            [
              -104.053011,
              41.003906
            ],
            [
              -104.053011,
              43.002989
            ],
            [
              -103.324578,
              43.002989
            ]
          ]
        ]
      }
    },
    {
      "type": "Feature",
      "id": "NV",
      "properties": {
        "id": "NV",
        "name": "Nevada"
      },
      "geometry": {
        "type": "Polygon",
        "coordinates": [
          [
            [
              -117.027882,
              42.000709
            ],
            [
              -114.04295,
              41.995232
            ],
            [
              -114.048427,
              37.000263
            ],
            [
              -114.048427,
              36.195153
            ],
            [
              -114.152489,
              36.025367
            ],
            [
              -114.251074,
              36.01989
            ],
            [
              -114.371566,
              36.140383
            ],
            [
              -114.738521,
              36.102045
            ],
            [
              -114.678275,
              35.516012
            ],
            [
              -114.596121,
              35.324319
            ],
            [
              -114.574213,
              35.138103
            ],
            [
              -114.634459,
              35.00118
            ],
            [
              -115.85034,
              35.970598
            ],
            [
              -116.540435,
              36.501861
            ],
            [
              -117.498899,
              37.21934
            ],
            [
              -118.71478,
              38.101128
            ],
            [
              -120.001861,
              38.999346
            ],
            [
              -119.996384,
              40.264519
            ],
            [
              -120.001861,
              41.995232
            ],
            [
              -118.698349,
              41.989755
            ],
            [
              -117.027882,
              42.000709
            ]
          ]
        ]
      }
    },
    {
      "type": "Feature",
      "id": "NH",
      "properties": {
        "id": "NH",
        "name": "New Hampshire"
      },
      "geometry": {
        "type": "Polygon",
        "coordinates": [
          [
            [
              -71.08183,
              45.303304
            ],
            [
              -71.032537,
              44.657025
            ],
            [
              -70.966814,
              43.34256
            ],
            [
              -70.807983,
              43.227544
            ],
            [
              -70.824413,
              43.128959
            ],
            [
              -70.703921,
              43.057759
            ],
            [
              -70.818936,
              42.871543
            ],
            [
              -70.917521,
              42.887974
            ],
            [
              -71.185891,
              42.789389
            ],
            [
              -71.29543,
              42.696281
            ],
            [
              -72.456542,
              42.729142
            ],
            [
              -72.544173,
              42.80582
            ],
            [
              -72.533219,
              42.953697
            ],
            [
              -72.445588,
              43.008466
            ],
            [
              -72.456542,
              43.150867
            ],
            [
              -72.379864,
              43.572591
            ],
            [
              -72.204602,
              43.769761
            ],
            [
              -72.116971,
              43.994316
            ],
            [
              -72.02934,
              44.07647
            ],
            [
              -72.034817,
              44.322932
            ],
            [
              -71.700724,
              44.41604
            ],
            [
              -71.536416,
              44.585825
            ],
            [
              -71.629524,
              44.750133
            ],
            [
              -71.4926,
              44.914442
            ],
            [
              -71.503554,
              45.013027
            ],
            [
              -71.361154,
              45.270443
            ],
            [
              -71.131122,
              45.243058
            ],
            [
              -71.08183,
              45.303304
            ]
          ]
        ]
      }
    },
    {
      "type": "Feature",
      "id": "NJ",
      "properties": {
        "id": "NJ",
        "name": "New Jersey"
      },
      "geometry": {
        "type": "Polygon",
        "coordinates": [
          [
            [
              -74.236547,
              41.14083
            ],
            [
              -73.902454,
              40.998429
            ],
            [
              -74.022947,
              40.708151
            ],
            [
              -74.187255,
              40.642428
            ],
            [
              -74.274886,
              40.489074
            ],
            [
              -74.001039,
              40.412397
            ],
            [
              -73.979131,
              40.297381
            ],
            [
              -74.099624,
              39.760641
            ],
            [
              -74.411809,
              39.360824
            ],
            [
              -74.614456,
              39.245808
            ],
            [
              -74.795195,
              38.993869
            ],
            [
              -74.888303,
              39.158177
            ],
            [
              -75.178581,
              39.240331
            ],
            [
              -75.534582,
              39.459409
            ],
            [
              -75.55649,
              39.607286
            ],
            [
              -75.561967,
              39.629194
            ],
            [
              -75.507197,
              39.683964
            ],
            [
              -75.414089,
              39.804456
            ],
            [
              -75.145719,
              39.88661
            ],
            [
              -75.129289,
              39.963288
            ],
            [
              -74.82258,
              40.127596
            ],
            [
              -74.773287,
              40.215227
            ],
            [
              -75.058088,
              40.417874
            ],
            [
              -75.069042,
              40.543843
            ],
            [
              -75.195012,
              40.576705
            ],
            [
              -75.205966,
              40.691721
            ],
            [
              -75.052611,
              40.866983
            ],
            [
              -75.134765,
              40.971045
            ],
            [
              -74.882826,
              41.179168
            ],
            [
              -74.828057,
              41.288707
            ],
            [
              -74.69661,
              41.359907
            ],
            [
              -74.236547,
              41.14083
            ]
          ]
        ]
      }
    },
    {
      "type": "Feature",
      "id": "NM",
      "properties": {
        "id": "NM",
        "name": "New Mexico"
      },
      "geometry": {
        "type": "Polygon",
        "coordinates": [
          [
            [
              -107.421329,
              37.000263
            ],
            [
              -106.868158,
              36.994786
            ],
            [
              -104.337812,
              36.994786
            ],
            [
              -103.001438,
              37.000263
            ],
            [
              -103.001438,
              36.501861
            ],
            [
              -103.039777,
              36.501861
            ],
            [
              -103.045254,
              34.01533
            ],
            [
              -103.067161,
              33.002096
            ],
            [
              -103.067161,
              31.999816
            ],
            [
              -106.616219,
              31.999816
            ],
            [
              -106.643603,
              31.901231
            ],
            [
              -106.528588,
              31.786216
            ],
            [
              -108.210008,
              31.786216
            ],
            [
              -108.210008,
              31.331629
            ],
            [
              -109.04798,
              31.331629
            ],
            [
              -109.042503,
              37.000263
            ],
            [
              -107.421329,
              37.000263
            ]
          ]
        ]
      }
    },
    {
      "type": "Feature",
      "id": "NY",
      "properties": {
        "id": "NY",
        "name": "New York"
      },
      "geometry": {
        "type": "Polygon",
        "coordinates": [
          [
            [
              -73.343806,
              45.013027
            ],
            [
              -73.332852,
              44.804903
            ],
            [
              -73.387622,
              44.618687
            ],
            [
              -73.294514,
              44.437948
            ],
            [
              -73.321898,
              44.246255
            ],
            [
              -73.436914,
              44.043608
            ],
            [
              -73.349283,
              43.769761
            ],
            [
              -73.404052,
              43.687607
            ],
            [
              -73.245221,
              43.523299
            ],
            [
              -73.278083,
              42.833204
            ],
            [
              -73.267129,
              42.745573
            ],
            [
              -73.508114,
              42.08834
            ],
            [
              -73.486206,
              42.050002
            ],
            [
              -73.55193,
              41.294184
            ],
            [
              -73.48073,
              41.21203
            ],
            [
              -73.727192,
              41.102491
            ],
            [
              -73.655992,
              40.987475
            ],
            [
              -73.22879,
              40.905321
            ],
            [
              -73.141159,
              40.965568
            ],
            [
              -72.774204,
              40.965568
            ],
            [
              -72.587988,
              40.998429
            ],
            [
              -72.28128,
              41.157261
            ],
            [
              -72.259372,
              41.042245
            ],
            [
              -72.100541,
              40.992952
            ],
            [
              -72.467496,
              40.845075
            ],
            [
              -73.239744,
              40.625997
            ],
            [
              -73.562884,
              40.582182
            ],
            [
              -73.776484,
              40.593136
            ],
            [
              -73.935316,
              40.543843
            ],
            [
              -74.022947,
              40.708151
            ],
            [
              -73.902454,
              40.998429
            ],
            [
              -74.236547,
              41.14083
            ],
            [
              -74.69661,
              41.359907
            ],
            [
              -74.740426,
              41.431108
            ],
            [
              -74.89378,
              41.436584
            ],
            [
              -75.074519,
              41.60637
            ],
            [
              -75.052611,
              41.754247
            ],
            [
              -75.173104,
              41.869263
            ],
            [
              -75.249781,
              41.863786
            ],
            [
              -75.35932,
              42.000709
            ],
            [
              -79.76278,
              42.000709
            ],
            [
              -79.76278,
              42.252649
            ],
            [
              -79.76278,
              42.269079
            ],
            [
              -79.149363,
              42.55388
            ],
            [
              -79.050778,
              42.690804
            ],
            [
              -78.853608,
              42.783912
            ],
            [
              -78.930285,
              42.953697
            ],
            [
              -79.012439,
              42.986559
            ],
            [
              -79.072686,
              43.260406
            ],
            [
              -78.486653,
              43.375421
            ],
            [
              -77.966344,
              43.369944
            ],
            [
              -77.75822,
              43.34256
            ],
            [
              -77.533665,
              43.233021
            ],
            [
              -77.391265,
              43.276836
            ],
            [
              -76.958587,
              43.271359
            ],
            [
              -76.695693,
              43.34256
            ],
            [
              -76.41637,
              43.523299
            ],
            [
              -76.235631,
              43.528776
            ],
            [
              -76.230154,
              43.802623
            ],
            [
              -76.137046,
              43.961454
            ],
            [
              -76.3616,
              44.070993
            ],
            [
              -76.312308,
              44.196962
            ],
            [
              -75.912491,
              44.366748
            ],
            [
              -75.764614,
              44.514625
            ],
            [
              -75.282643,
              44.848718
            ],
            [
              -74.828057,
              45.018503
            ],
            [
              -74.148916,
              44.991119
            ],
            [
              -73.343806,
              45.013027
            ]
          ]
        ]
      }
    },
    {
      "type": "Feature",
      "id": "NC",
      "properties": {
        "id": "NC",
        "name": "North Carolina"
      },
      "geometry": {
        "type": "Polygon",
        "coordinates": [
          [
            [
              -80.978661,
              36.562108
            ],
            [
              -80.294043,
              36.545677
            ],
            [
              -79.510841,
              36.5402
            ],
            [
              -75.868676,
              36.551154
            ],
            [
              -75.75366,
              36.151337
            ],
            [
              -76.032984,
              36.189676
            ],
            [
              -76.071322,
              36.140383
            ],
            [
              -76.410893,
              36.080137
            ],
            [
              -76.460185,
              36.025367
            ],
            [
              -76.68474,
              36.008937
            ],
            [
              -76.673786,
              35.937736
            ],
            [
              -76.399939,
              35.987029
            ],
            [
              -76.3616,
              35.943213
            ],
            [
              -76.060368,
              35.992506
            ],
            [
              -75.961783,
              35.899398
            ],
            [
              -75.781044,
              35.937736
            ],
            [
              -75.715321,
              35.696751
            ],
            [
              -75.775568,
              35.581735
            ],
            [
              -75.89606,
              35.570781
            ],
            [
              -76.147999,
              35.324319
            ],
            [
              -76.482093,
              35.313365
            ],
            [
              -76.536862,
              35.14358
            ],
            [
              -76.394462,
              34.973795
            ],
            [
              -76.279446,
              34.940933
            ],
            [
              -76.493047,
              34.661609
            ],
            [
              -76.673786,
              34.694471
            ],
            [
              -76.991448,
              34.667086
            ],
            [
              -77.210526,
              34.60684
            ],
            [
              -77.555573,
              34.415147
            ],
            [
              -77.82942,
              34.163208
            ],
            [
              -77.971821,
              33.845545
            ],
            [
              -78.179944,
              33.916745
            ],
            [
              -78.541422,
              33.851022
            ],
            [
              -79.675149,
              34.80401
            ],
            [
              -80.797922,
              34.820441
            ],
            [
              -80.781491,
              34.935456
            ],
            [
              -80.934845,
              35.105241
            ],
            [
              -81.038907,
              35.044995
            ],
            [
              -81.044384,
              35.149057
            ],
            [
              -82.276696,
              35.198349
            ],
            [
              -82.550543,
              35.160011
            ],
            [
              -82.764143,
              35.066903
            ],
            [
              -83.109191,
              35.00118
            ],
            [
              -83.618546,
              34.984749
            ],
            [
              -84.319594,
              34.990226
            ],
            [
              -84.29221,
              35.225734
            ],
            [
              -84.09504,
              35.247642
            ],
            [
              -84.018363,
              35.41195
            ],
            [
              -83.7719,
              35.559827
            ],
            [
              -83.498053,
              35.565304
            ],
            [
              -83.251591,
              35.718659
            ],
            [
              -82.994175,
              35.773428
            ],
            [
              -82.775097,
              35.997983
            ],
            [
              -82.638174,
              36.063706
            ],
            [
              -82.610789,
              35.965121
            ],
            [
              -82.216449,
              36.156814
            ],
            [
              -82.03571,
              36.118475
            ],
            [
              -81.909741,
              36.304691
            ],
            [
              -81.723525,
              36.353984
            ],
            [
              -81.679709,
              36.589492
            ],
            [
              -80.978661,
              36.562108
            ]
          ]
        ]
      }
    },
    {
      "type": "Feature",
      "id": "ND",
      "properties": {
        "id": "ND",
        "name": "North Dakota"
      },
      "geometry": {
        "type": "Polygon",
        "coordinates": [
          [
            [
              -97.228743,
              49.000239
            ],
            [
              -97.097296,
              48.682577
            ],
            [
              -97.16302,
              48.545653
            ],
            [
              -97.130158,
              48.140359
            ],
            [
              -97.053481,
              47.948667
            ],
            [
              -96.856311,
              47.609096
            ],
            [
              -96.823449,
              46.968294
            ],
            [
              -96.785111,
              46.924479
            ],
            [
              -96.801542,
              46.656109
            ],
            [
              -96.719387,
              46.437031
            ],
            [
              -96.598895,
              46.332969
            ],
            [
              -96.560556,
              45.933153
            ],
            [
              -104.047534,
              45.944106
            ],
            [
              -104.042057,
              47.861036
            ],
            [
              -104.047534,
              49.000239
            ],
            [
              -97.228743,
              49.000239
            ]
          ]
        ]
      }
    },
    {
      "type": "Feature",
      "id": "OH",
      "properties": {
        "id": "OH",
        "name": "Ohio"
      },
      "geometry": {
        "type": "Polygon",
        "coordinates": [
          [
            [
              -80.518598,
              41.978802
            ],
            [
              -80.518598,
              40.636951
            ],
            [
              -80.666475,
              40.582182
            ],
            [
              -80.595275,
              40.472643
            ],
            [
              -80.600752,
              40.319289
            ],
            [
              -80.737675,
              40.078303
            ],
            [
              -80.830783,
              39.711348
            ],
            [
              -81.219646,
              39.388209
            ],
            [
              -81.345616,
              39.344393
            ],
            [
              -81.455155,
              39.410117
            ],
            [
              -81.57017,
              39.267716
            ],
            [
              -81.685186,
              39.273193
            ],
            [
              -81.811156,
              39.0815
            ],
            [
              -81.783771,
              38.966484
            ],
            [
              -81.887833,
              38.873376
            ],
            [
              -82.03571,
              39.026731
            ],
            [
              -82.221926,
              38.785745
            ],
            [
              -82.172634,
              38.632391
            ],
            [
              -82.293127,
              38.577622
            ],
            [
              -82.331465,
              38.446175
            ],
            [
              -82.594358,
              38.424267
            ],
            [
              -82.731282,
              38.561191
            ],
            [
              -82.846298,
              38.588575
            ],
            [
              -82.890113,
              38.758361
            ],
            [
              -83.032514,
              38.725499
            ],
            [
              -83.142052,
              38.626914
            ],
            [
              -83.519961,
              38.703591
            ],
            [
              -83.678792,
              38.632391
            ],
            [
              -83.903347,
              38.769315
            ],
            [
              -84.215533,
              38.807653
            ],
            [
              -84.231963,
              38.895284
            ],
            [
              -84.43461,
              39.103408
            ],
            [
              -84.817996,
              39.103408
            ],
            [
              -84.801565,
              40.500028
            ],
            [
              -84.807042,
              41.694001
            ],
            [
              -83.454238,
              41.732339
            ],
            [
              -83.065375,
              41.595416
            ],
            [
              -82.933929,
              41.513262
            ],
            [
              -82.835344,
              41.589939
            ],
            [
              -82.616266,
              41.431108
            ],
            [
              -82.479343,
              41.381815
            ],
            [
              -82.013803,
              41.513262
            ],
            [
              -81.739956,
              41.485877
            ],
            [
              -81.444201,
              41.672093
            ],
            [
              -81.011523,
              41.852832
            ],
            [
              -80.518598,
              41.978802
            ],
            [
              -80.518598,
              41.978802
            ]
          ]
        ]
      }
    },
    {
      "type": "Feature",
      "id": "OK",
      "properties": {
        "id": "OK",
        "name": "Oklahoma"
      },
      "geometry": {
        "type": "Polygon",
        "coordinates": [
          [
            [
              -100.087706,
              37.000263
            ],
            [
              -94.616242,
              37.000263
            ],
            [
              -94.616242,
              36.501861
            ],
            [
              -94.430026,
              35.395519
            ],
            [
              -94.484796,
              33.637421
            ],
            [
              -94.868182,
              33.74696
            ],
            [
              -94.966767,
              33.861976
            ],
            [
              -95.224183,
              33.960561
            ],
            [
              -95.289906,
              33.87293
            ],
            [
              -95.547322,
              33.878407
            ],
            [
              -95.602092,
              33.933176
            ],
            [
              -95.8376,
              33.834591
            ],
            [
              -95.936185,
              33.889361
            ],
            [
              -96.149786,
              33.840068
            ],
            [
              -96.346956,
              33.686714
            ],
            [
              -96.423633,
              33.774345
            ],
            [
              -96.631756,
              33.845545
            ],
            [
              -96.850834,
              33.845545
            ],
            [
              -96.922034,
              33.960561
            ],
            [
              -97.173974,
              33.736006
            ],
            [
              -97.256128,
              33.861976
            ],
            [
              -97.371143,
              33.823637
            ],
            [
              -97.458774,
              33.905791
            ],
            [
              -97.694283,
              33.982469
            ],
            [
              -97.869545,
              33.851022
            ],
            [
              -97.946222,
              33.987946
            ],
            [
              -98.088623,
              34.004376
            ],
            [
              -98.170777,
              34.113915
            ],
            [
              -98.36247,
              34.157731
            ],
            [
              -98.488439,
              34.064623
            ],
            [
              -98.570593,
              34.146777
            ],
            [
              -98.767763,
              34.135823
            ],
            [
              -98.986841,
              34.223454
            ],
            [
              -99.189488,
              34.2125
            ],
            [
              -99.260688,
              34.404193
            ],
            [
              -99.57835,
              34.415147
            ],
            [
              -99.698843,
              34.382285
            ],
            [
              -99.923398,
              34.573978
            ],
            [
              -100.000075,
              34.563024
            ],
            [
              -100.000075,
              36.501861
            ],
            [
              -101.812942,
              36.501861
            ],
            [
              -103.001438,
              36.501861
            ],
            [
              -103.001438,
              37.000263
            ],
            [
              -102.042974,
              36.994786
            ],
            [
              -100.087706,
              37.000263
            ]
          ]
        ]
      }
    },
    {
      "type": "Feature",
      "id": "OR",
      "properties": {
        "id": "OR",
        "name": "Oregon"
      },
      "geometry": {
        "type": "Polygon",
        "coordinates": [
          [
            [
              -123.211348,
              46.174138
            ],
            [
              -123.11824,
              46.185092
            ],
            [
              -122.904639,
              46.08103
            ],
            [
              -122.811531,
              45.960537
            ],
            [
              -122.762239,
              45.659305
            ],
            [
              -122.247407,
              45.549767
            ],
            [
              -121.809251,
              45.708598
            ],
            [
              -121.535404,
              45.725029
            ],
            [
              -121.217742,
              45.670259
            ],
            [
              -121.18488,
              45.604536
            ],
            [
              -120.637186,
              45.746937
            ],
            [
              -120.505739,
              45.697644
            ],
            [
              -120.209985,
              45.725029
            ],
            [
              -119.963522,
              45.823614
            ],
            [
              -119.525367,
              45.911245
            ],
            [
              -119.125551,
              45.933153
            ],
            [
              -118.988627,
              45.998876
            ],
            [
              -116.918344,
              45.993399
            ],
            [
              -116.78142,
              45.823614
            ],
            [
              -116.545912,
              45.752413
            ],
            [
              -116.463758,
              45.61549
            ],
            [
              -116.671881,
              45.319735
            ],
            [
              -116.732128,
              45.144473
            ],
            [
              -116.847143,
              45.02398
            ],
            [
              -116.830713,
              44.930872
            ],
            [
              -116.934774,
              44.782995
            ],
            [
              -117.038836,
              44.750133
            ],
            [
              -117.241483,
              44.394132
            ],
            [
              -117.170283,
              44.257209
            ],
            [
              -116.97859,
              44.240778
            ],
            [
              -116.896436,
              44.158624
            ],
            [
              -117.027882,
              43.830007
            ],
            [
              -117.027882,
              42.000709
            ],
            [
              -118.698349,
              41.989755
            ],
            [
              -120.001861,
              41.995232
            ],
            [
              -121.037003,
              41.995232
            ],
            [
              -122.378853,
              42.011663
            ],
            [
              -123.233256,
              42.006186
            ],
            [
              -124.213628,
              42.000709
            ],
            [
              -124.356029,
              42.115725
            ],
            [
              -124.432706,
              42.438865
            ],
            [
              -124.416275,
              42.663419
            ],
            [
              -124.553198,
              42.838681
            ],
            [
              -124.454613,
              43.002989
            ],
            [
              -124.383413,
              43.271359
            ],
            [
              -124.235536,
              43.55616
            ],
            [
              -124.169813,
              43.8081
            ],
            [
              -124.060274,
              44.657025
            ],
            [
              -124.076705,
              44.772041
            ],
            [
              -123.97812,
              45.144473
            ],
            [
              -123.939781,
              45.659305
            ],
            [
              -123.994551,
              45.944106
            ],
            [
              -123.945258,
              46.113892
            ],
            [
              -123.545441,
              46.261769
            ],
            [
              -123.370179,
              46.146753
            ],
            [
              -123.211348,
              46.174138
            ]
          ]
        ]
      }
    },
    {
      "type": "Feature",
      "id": "PA",
      "properties": {
        "id": "PA",
        "name": "Pennsylvania"
      },
      "geometry": {
        "type": "Polygon",
        "coordinates": [
          [
            [
              -79.76278,
              42.252649
            ],
            [
              -79.76278,
              42.000709
            ],
            [
              -75.35932,
              42.000709
            ],
            [
              -75.249781,
              41.863786
            ],
            [
              -75.173104,
              41.869263
            ],
            [
              -75.052611,
              41.754247
            ],
            [
              -75.074519,
              41.60637
            ],
            [
              -74.89378,
              41.436584
            ],
            [
              -74.740426,
              41.431108
            ],
            [
              -74.69661,
              41.359907
            ],
            [
              -74.828057,
              41.288707
            ],
            [
              -74.882826,
              41.179168
            ],
            [
              -75.134765,
              40.971045
            ],
            [
              -75.052611,
              40.866983
            ],
            [
              -75.205966,
              40.691721
            ],
            [
              -75.195012,
              40.576705
            ],
            [
              -75.069042,
              40.543843
            ],
            [
              -75.058088,
              40.417874
            ],
            [
              -74.773287,
              40.215227
            ],
            [
              -74.82258,
              40.127596
            ],
            [
              -75.129289,
              39.963288
            ],
            [
              -75.145719,
              39.88661
            ],
            [
              -75.414089,
              39.804456
            ],
            [
              -75.616736,
              39.831841
            ],
            [
              -75.786521,
              39.722302
            ],
            [
              -79.477979,
              39.722302
            ],
            [
              -80.518598,
              39.722302
            ],
            [
              -80.518598,
              40.636951
            ],
            [
              -80.518598,
              41.978802
            ],
            [
              -80.518598,
              41.978802
            ],
            [
              -80.332382,
              42.033571
            ],
            [
              -79.76278,
              42.269079
            ],
            [
              -79.76278,
              42.252649
            ]
          ]
        ]
      }
    },
    {
      "type": "Feature",
      "id": "RI",
      "properties": {
        "id": "RI",
        "name": "Rhode Island"
      },
      "geometry": {
        "type": "MultiPolygon",
        "coordinates": [
          [
            [
              [
                -71.196845,
                41.67757
              ],
              [
                -71.120168,
                41.496831
              ],
              [
                -71.317338,
                41.474923
              ],
              [
                -71.196845,
                41.67757
              ]
            ]
          ],
          [
            [
              [
                -71.530939,
                42.01714
              ],
              [
                -71.383061,
                42.01714
              ],
              [
                -71.328292,
                41.781632
              ],
              [
                -71.22423,
                41.710431
              ],
              [
                -71.344723,
                41.726862
              ],
              [
                -71.448785,
                41.578985
              ],
              [
                -71.481646,
                41.370861
              ],
              [
                -71.859555,
                41.321569
              ],
              [
                -71.799309,
                41.414677
              ],
              [
                -71.799309,
                42.006186
              ],
              [
                -71.530939,
                42.01714
              ]
            ]
          ]
        ]
      }
    },
    {
      "type": "Feature",
      "id": "SC",
      "properties": {
        "id": "SC",
        "name": "South Carolina"
      },
      "geometry": {
        "type": "Polygon",
        "coordinates": [
          [
            [
              -82.764143,
              35.066903
            ],
            [
              -82.550543,
              35.160011
            ],
            [
              -82.276696,
              35.198349
            ],
            [
              -81.044384,
              35.149057
            ],
            [
              -81.038907,
              35.044995
            ],
            [
              -80.934845,
              35.105241
            ],
            [
              -80.781491,
              34.935456
            ],
            [
              -80.797922,
              34.820441
            ],
            [
              -79.675149,
              34.80401
            ],
            [
              -78.541422,
              33.851022
            ],
            [
              -78.716684,
              33.80173
            ],
            [
              -78.935762,
              33.637421
            ],
            [
              -79.149363,
              33.380005
            ],
            [
              -79.187701,
              33.171881
            ],
            [
              -79.357487,
              33.007573
            ],
            [
              -79.582041,
              33.007573
            ],
            [
              -79.631334,
              32.887081
            ],
            [
              -79.866842,
              32.755634
            ],
            [
              -79.998289,
              32.613234
            ],
            [
              -80.206412,
              32.552987
            ],
            [
              -80.430967,
              32.399633
            ],
            [
              -80.452875,
              32.328433
            ],
            [
              -80.660998,
              32.246279
            ],
            [
              -80.885553,
              32.032678
            ],
            [
              -81.115584,
              32.120309
            ],
            [
              -81.121061,
              32.290094
            ],
            [
              -81.279893,
              32.558464
            ],
            [
              -81.416816,
              32.629664
            ],
            [
              -81.42777,
              32.843265
            ],
            [
              -81.493493,
              33.007573
            ],
            [
              -81.761863,
              33.160928
            ],
            [
              -81.937125,
              33.347144
            ],
            [
              -81.926172,
              33.462159
            ],
            [
              -82.194542,
              33.631944
            ],
            [
              -82.325988,
              33.81816
            ],
            [
              -82.55602,
              33.94413
            ],
            [
              -82.714851,
              34.152254
            ],
            [
              -82.747713,
              34.26727
            ],
            [
              -82.901067,
              34.486347
            ],
            [
              -83.005129,
              34.469916
            ],
            [
              -83.339222,
              34.683517
            ],
            [
              -83.322791,
              34.787579
            ],
            [
              -83.109191,
              35.00118
            ],
            [
              -82.764143,
              35.066903
            ]
          ]
        ]
      }
    },
    {
      "type": "Feature",
      "id": "SD",
      "properties": {
        "id": "SD",
        "name": "South Dakota"
      },
      "geometry": {
        "type": "Polygon",
        "coordinates": [
          [
            [
              -104.047534,
              45.944106
            ],
            [
              -96.560556,
              45.933153
            ],
            [
              -96.582464,
              45.818137
            ],
            [
              -96.856311,
              45.604536
            ],
            [
              -96.681049,
              45.412843
            ],
            [
              -96.451017,
              45.297827
            ],
            [
              -96.451017,
              43.501391
            ],
            [
              -96.582464,
              43.479483
            ],
            [
              -96.527695,
              43.397329
            ],
            [
              -96.560556,
              43.222067
            ],
            [
              -96.434587,
              43.123482
            ],
            [
              -96.511264,
              43.052282
            ],
            [
              -96.544125,
              42.855112
            ],
            [
              -96.631756,
              42.707235
            ],
            [
              -96.44554,
              42.488157
            ],
            [
              -96.626279,
              42.515542
            ],
            [
              -96.692003,
              42.657942
            ],
            [
              -97.217789,
              42.844158
            ],
            [
              -97.688806,
              42.844158
            ],
            [
              -97.831206,
              42.866066
            ],
            [
              -97.951699,
              42.767481
            ],
            [
              -98.466531,
              42.94822
            ],
            [
              -98.499393,
              42.997512
            ],
            [
              -101.626726,
              42.997512
            ],
            [
              -103.324578,
              43.002989
            ],
            [
              -104.053011,
              43.002989
            ],
            [
              -104.058488,
              44.996596
            ],
            [
              -104.042057,
              44.996596
            ],
            [
              -104.047534,
              45.944106
            ]
          ]
        ]
      }
    },
    {
      "type": "Feature",
      "id": "TN",
      "properties": {
        "id": "TN",
        "name": "Tennessee"
      },
      "geometry": {
        "type": "Polygon",
        "coordinates": [
          [
            [
              -88.054868,
              36.496384
            ],
            [
              -88.071299,
              36.677123
            ],
            [
              -87.852221,
              36.633308
            ],
            [
              -86.592525,
              36.655216
            ],
            [
              -85.486183,
              36.616877
            ],
            [
              -85.289013,
              36.627831
            ],
            [
              -84.544149,
              36.594969
            ],
            [
              -83.689746,
              36.584015
            ],
            [
              -83.673316,
              36.600446
            ],
            [
              -81.679709,
              36.589492
            ],
            [
              -81.723525,
              36.353984
            ],
            [
              -81.909741,
              36.304691
            ],
            [
              -82.03571,
              36.118475
            ],
            [
              -82.216449,
              36.156814
            ],
            [
              -82.610789,
              35.965121
            ],
            [
              -82.638174,
              36.063706
            ],
            [
              -82.775097,
              35.997983
            ],
            [
              -82.994175,
              35.773428
            ],
            [
              -83.251591,
              35.718659
            ],
            [
              -83.498053,
              35.565304
            ],
            [
              -83.7719,
              35.559827
            ],
            [
              -84.018363,
              35.41195
            ],
            [
              -84.09504,
              35.247642
            ],
            [
              -84.29221,
              35.225734
            ],
            [
              -84.319594,
              34.990226
            ],
            [
              -85.606675,
              34.984749
            ],
            [
              -87.359296,
              35.00118
            ],
            [
              -88.202745,
              34.995703
            ],
            [
              -88.471115,
              34.995703
            ],
            [
              -90.311367,
              34.995703
            ],
            [
              -90.212782,
              35.023087
            ],
            [
              -90.114197,
              35.198349
            ],
            [
              -90.130628,
              35.439335
            ],
            [
              -89.944412,
              35.603643
            ],
            [
              -89.911551,
              35.756997
            ],
            [
              -89.763673,
              35.811767
            ],
            [
              -89.730812,
              35.997983
            ],
            [
              -89.533642,
              36.249922
            ],
            [
              -89.539119,
              36.496384
            ],
            [
              -89.484349,
              36.496384
            ],
            [
              -89.418626,
              36.496384
            ],
            [
              -89.298133,
              36.507338
            ],
            [
              -88.054868,
              36.496384
            ]
          ]
        ]
      }
    },
    {
      "type": "Feature",
      "id": "TX",
      "properties": {
        "id": "TX",
        "name": "Texas"
      },
      "geometry": {
        "type": "Polygon",
        "coordinates": [
          [
            [
              -101.812942,
              36.501861
            ],
            [
              -100.000075,
              36.501861
            ],
            [
              -100.000075,
              34.563024
            ],
            [
              -99.923398,
              34.573978
            ],
            [
              -99.698843,
              34.382285
            ],
            [
              -99.57835,
              34.415147
            ],
            [
              -99.260688,
              34.404193
            ],
            [
              -99.189488,
              34.2125
            ],
            [
              -98.986841,
              34.223454
            ],
            [
              -98.767763,
              34.135823
            ],
            [
              -98.570593,
              34.146777
            ],
            [
              -98.488439,
              34.064623
            ],
            [
              -98.36247,
              34.157731
            ],
            [
              -98.170777,
              34.113915
            ],
            [
              -98.088623,
              34.004376
            ],
            [
              -97.946222,
              33.987946
            ],
            [
              -97.869545,
              33.851022
            ],
            [
              -97.694283,
              33.982469
            ],
            [
              -97.458774,
              33.905791
            ],
            [
              -97.371143,
              33.823637
            ],
            [
              -97.256128,
              33.861976
            ],
            [
              -97.173974,
              33.736006
            ],
            [
              -96.922034,
              33.960561
            ],
            [
              -96.850834,
              33.845545
            ],
            [
              -96.631756,
              33.845545
            ],
            [
              -96.423633,
              33.774345
            ],
            [
              -96.346956,
              33.686714
            ],
            [
              -96.149786,
              33.840068
            ],
            [
              -95.936185,
              33.889361
            ],
            [
              -95.8376,
              33.834591
            ],
            [
              -95.602092,
              33.933176
            ],
            [
              -95.547322,
              33.878407
            ],
            [
              -95.289906,
              33.87293
            ],
            [
              -95.224183,
              33.960561
            ],
            [
              -94.966767,
              33.861976
            ],
            [
              -94.868182,
              33.74696
            ],
            [
              -94.484796,
              33.637421
            ],
            [
              -94.380734,
              33.544313
            ],
            [
              -94.183564,
              33.593606
            ],
            [
              -94.041164,
              33.54979
            ],
            [
              -94.041164,
              33.018527
            ],
            [
              -94.041164,
              31.994339
            ],
            [
              -93.822086,
              31.775262
            ],
            [
              -93.816609,
              31.556184
            ],
            [
              -93.542762,
              31.15089
            ],
            [
              -93.526331,
              30.93729
            ],
            [
              -93.630393,
              30.679874
            ],
            [
              -93.728978,
              30.575812
            ],
            [
              -93.696116,
              30.438888
            ],
            [
              -93.767317,
              30.334826
            ],
            [
              -93.690639,
              30.143133
            ],
            [
              -93.926148,
              29.787132
            ],
            [
              -93.838517,
              29.688547
            ],
            [
              -94.002825,
              29.68307
            ],
            [
              -94.523134,
              29.546147
            ],
            [
              -94.70935,
              29.622824
            ],
            [
              -94.742212,
              29.787132
            ],
            [
              -94.873659,
              29.672117
            ],
            [
              -94.966767,
              29.699501
            ],
            [
              -95.016059,
              29.557101
            ],
            [
              -94.911997,
              29.496854
            ],
            [
              -94.895566,
              29.310638
            ],
            [
              -95.081782,
              29.113469
            ],
            [
              -95.383014,
              28.867006
            ],
            [
              -95.985477,
              28.604113
            ],
            [
              -96.045724,
              28.647929
            ],
            [
              -96.226463,
              28.582205
            ],
            [
              -96.23194,
              28.642452
            ],
            [
              -96.478402,
              28.598636
            ],
            [
              -96.593418,
              28.724606
            ],
            [
              -96.664618,
              28.697221
            ],
            [
              -96.401725,
              28.439805
            ],
            [
              -96.593418,
              28.357651
            ],
            [
              -96.774157,
              28.406943
            ],
            [
              -96.801542,
              28.226204
            ],
            [
              -97.026096,
              28.039988
            ],
            [
              -97.256128,
              27.694941
            ],
            [
              -97.404005,
              27.333463
            ],
            [
              -97.513544,
              27.360848
            ],
            [
              -97.540929,
              27.229401
            ],
            [
              -97.425913,
              27.262263
            ],
            [
              -97.480682,
              26.99937
            ],
            [
              -97.557359,
              26.988416
            ],
            [
              -97.562836,
              26.840538
            ],
            [
              -97.469728,
              26.758384
            ],
            [
              -97.442344,
              26.457153
            ],
            [
              -97.332805,
              26.353091
            ],
            [
              -97.30542,
              26.161398
            ],
            [
              -97.217789,
              25.991613
            ],
            [
              -97.524498,
              25.887551
            ],
            [
              -97.650467,
              26.018997
            ],
            [
              -97.885976,
              26.06829
            ],
            [
              -98.198161,
              26.057336
            ],
            [
              -98.466531,
              26.221644
            ],
            [
              -98.669178,
              26.238075
            ],
            [
              -98.822533,
              26.369522
            ],
            [
              -99.030656,
              26.413337
            ],
            [
              -99.173057,
              26.539307
            ],
            [
              -99.266165,
              26.840538
            ],
            [
              -99.446904,
              27.021277
            ],
            [
              -99.424996,
              27.174632
            ],
            [
              -99.50715,
              27.33894
            ],
            [
              -99.479765,
              27.48134
            ],
            [
              -99.605735,
              27.640172
            ],
            [
              -99.709797,
              27.656603
            ],
            [
              -99.879582,
              27.799003
            ],
            [
              -99.934351,
              27.979742
            ],
            [
              -100.082229,
              28.14405
            ],
            [
              -100.29583,
              28.280974
            ],
            [
              -100.399891,
              28.582205
            ],
            [
              -100.498476,
              28.66436
            ],
            [
              -100.629923,
              28.905345
            ],
            [
              -100.673738,
              29.102515
            ],
            [
              -100.799708,
              29.244915
            ],
            [
              -101.013309,
              29.370885
            ],
            [
              -101.062601,
              29.458516
            ],
            [
              -101.259771,
              29.535193
            ],
            [
              -101.413125,
              29.754271
            ],
            [
              -101.851281,
              29.803563
            ],
            [
              -102.114174,
              29.792609
            ],
            [
              -102.338728,
              29.869286
            ],
            [
              -102.388021,
              29.765225
            ],
            [
              -102.629006,
              29.732363
            ],
            [
              -102.809745,
              29.524239
            ],
            [
              -102.919284,
              29.190146
            ],
            [
              -102.97953,
              29.184669
            ],
            [
              -103.116454,
              28.987499
            ],
            [
              -103.280762,
              28.982022
            ],
            [
              -103.527224,
              29.135376
            ],
            [
              -104.146119,
              29.381839
            ],
            [
              -104.266611,
              29.513285
            ],
            [
              -104.507597,
              29.639255
            ],
            [
              -104.677382,
              29.924056
            ],
            [
              -104.688336,
              30.181472
            ],
            [
              -104.858121,
              30.389596
            ],
            [
              -104.896459,
              30.570335
            ],
            [
              -105.005998,
              30.685351
            ],
            [
              -105.394861,
              30.855136
            ],
            [
              -105.602985,
              31.085167
            ],
            [
              -105.77277,
              31.167321
            ],
            [
              -105.953509,
              31.364491
            ],
            [
              -106.205448,
              31.468553
            ],
            [
              -106.38071,
              31.731446
            ],
            [
              -106.528588,
              31.786216
            ],
            [
              -106.643603,
              31.901231
            ],
            [
              -106.616219,
              31.999816
            ],
            [
              -103.067161,
              31.999816
            ],
            [
              -103.067161,
              33.002096
            ],
            [
              -103.045254,
              34.01533
            ],
            [
              -103.039777,
              36.501861
            ],
            [
              -103.001438,
              36.501861
            ],
            [
              -101.812942,
              36.501861
            ]
          ]
        ]
      }
    },
    {
      "type": "Feature",
      "id": "UT",
      "properties": {
        "id": "UT",
        "name": "Utah"
      },
      "geometry": {
        "type": "Polygon",
        "coordinates": [
          [
            [
              -112.164359,
              41.995232
            ],
            [
              -111.047063,
              42.000709
            ],
            [
              -111.047063,
              40.998429
            ],
            [
              -109.04798,
              40.998429
            ],
            [
              -109.053457,
              39.125316
            ],
            [
              -109.058934,
              38.27639
            ],
            [
              -109.042503,
              38.166851
            ],
            [
              -109.042503,
              37.000263
            ],
            [
              -110.499369,
              37.00574
            ],
            [
              -114.048427,
              37.000263
            ],
            [
              -114.04295,
              41.995232
            ],
            [
              -112.164359,
              41.995232
            ]
          ]
        ]
      }
    },
    {
      "type": "Feature",
      "id": "VT",
      "properties": {
        "id": "VT",
        "name": "Vermont"
      },
      "geometry": {
        "type": "Polygon",
        "coordinates": [
          [
            [
              -71.503554,
              45.013027
            ],
            [
              -71.4926,
              44.914442
            ],
            [
              -71.629524,
              44.750133
            ],
            [
              -71.536416,
              44.585825
            ],
            [
              -71.700724,
              44.41604
            ],
            [
              -72.034817,
              44.322932
            ],
            [
              -72.02934,
              44.07647
            ],
            [
              -72.116971,
              43.994316
            ],
            [
              -72.204602,
              43.769761
            ],
            [
              -72.379864,
              43.572591
            ],
            [
              -72.456542,
              43.150867
            ],
            [
              -72.445588,
              43.008466
            ],
            [
              -72.533219,
              42.953697
            ],
            [
              -72.544173,
              42.80582
            ],
            [
              -72.456542,
              42.729142
            ],
            [
              -73.267129,
              42.745573
            ],
            [
              -73.278083,
              42.833204
            ],
            [
              -73.245221,
              43.523299
            ],
            [
              -73.404052,
              43.687607
            ],
            [
              -73.349283,
              43.769761
            ],
            [
              -73.436914,
              44.043608
            ],
            [
              -73.321898,
              44.246255
            ],
            [
              -73.294514,
              44.437948
            ],
            [
              -73.387622,
              44.618687
            ],
            [
              -73.332852,
              44.804903
            ],
            [
              -73.343806,
              45.013027
            ],
            [
              -72.308664,
              45.002073
            ],
            [
              -71.503554,
              45.013027
            ]
          ]
        ]
      }
    },
    {
      "type": "Feature",
      "id": "VA",
      "properties": {
        "id": "VA",
        "name": "Virginia"
      },
      "geometry": {
        "type": "MultiPolygon",
        "coordinates": [
          [
            [
              [
                -75.397659,
                38.013497
              ],
              [
                -75.244304,
                38.029928
              ],
              [
                -75.375751,
                37.860142
              ],
              [
                -75.512674,
                37.799896
              ],
              [
                -75.594828,
                37.569865
              ],
              [
                -75.802952,
                37.197433
              ],
              [
                -75.972737,
                37.120755
              ],
              [
                -76.027507,
                37.257679
              ],
              [
                -75.939876,
                37.564388
              ],
              [
                -75.671506,
                37.95325
              ],
              [
                -75.397659,
                38.013497
              ]
            ]
          ],
          [
            [
              [
                -76.016553,
                37.95325
              ],
              [
                -75.994645,
                37.95325
              ],
              [
                -76.043938,
                37.95325
              ],
              [
                -76.016553,
                37.95325
              ]
            ]
          ],
          [
            [
              [
                -78.349729,
                39.464886
              ],
              [
                -77.82942,
                39.130793
              ],
              [
                -77.719881,
                39.322485
              ],
              [
                -77.566527,
                39.306055
              ],
              [
                -77.456988,
                39.223901
              ],
              [
                -77.456988,
                39.076023
              ],
              [
                -77.248864,
                39.026731
              ],
              [
                -77.117418,
                38.933623
              ],
              [
                -77.040741,
                38.791222
              ],
              [
                -77.128372,
                38.632391
              ],
              [
                -77.248864,
                38.588575
              ],
              [
                -77.325542,
                38.446175
              ],
              [
                -77.281726,
                38.342113
              ],
              [
                -77.013356,
                38.374975
              ],
              [
                -76.964064,
                38.216144
              ],
              [
                -76.613539,
                38.15042
              ],
              [
                -76.514954,
                38.024451
              ],
              [
                -76.235631,
                37.887527
              ],
              [
                -76.3616,
                37.608203
              ],
              [
                -76.246584,
                37.389126
              ],
              [
                -76.383508,
                37.285064
              ],
              [
                -76.399939,
                37.159094
              ],
              [
                -76.273969,
                37.082417
              ],
              [
                -76.410893,
                36.961924
              ],
              [
                -76.619016,
                37.120755
              ],
              [
                -76.668309,
                37.065986
              ],
              [
                -76.48757,
                36.95097
              ],
              [
                -75.994645,
                36.923586
              ],
              [
                -75.868676,
                36.551154
              ],
              [
                -79.510841,
                36.5402
              ],
              [
                -80.294043,
                36.545677
              ],
              [
                -80.978661,
                36.562108
              ],
              [
                -81.679709,
                36.589492
              ],
              [
                -83.673316,
                36.600446
              ],
              [
                -83.136575,
                36.742847
              ],
              [
                -83.070852,
                36.852385
              ],
              [
                -82.879159,
                36.890724
              ],
              [
                -82.868205,
                36.978355
              ],
              [
                -82.720328,
                37.044078
              ],
              [
                -82.720328,
                37.120755
              ],
              [
                -82.353373,
                37.268633
              ],
              [
                -81.969987,
                37.537003
              ],
              [
                -81.986418,
                37.454849
              ],
              [
                -81.849494,
                37.285064
              ],
              [
                -81.679709,
                37.20291
              ],
              [
                -81.55374,
                37.208387
              ],
              [
                -81.362047,
                37.339833
              ],
              [
                -81.225123,
                37.235771
              ],
              [
                -80.967707,
                37.290541
              ],
              [
                -80.513121,
                37.482234
              ],
              [
                -80.474782,
                37.421987
              ],
              [
                -80.29952,
                37.509618
              ],
              [
                -80.294043,
                37.690357
              ],
              [
                -80.184505,
                37.849189
              ],
              [
                -79.998289,
                37.997066
              ],
              [
                -79.921611,
                38.177805
              ],
              [
                -79.724442,
                38.364021
              ],
              [
                -79.647764,
                38.594052
              ],
              [
                -79.477979,
                38.457129
              ],
              [
                -79.313671,
                38.413313
              ],
              [
                -79.209609,
                38.495467
              ],
              [
                -78.996008,
                38.851469
              ],
              [
                -78.870039,
                38.763838
              ],
              [
                -78.404499,
                39.169131
              ],
              [
                -78.349729,
                39.464886
              ]
            ]
          ]
        ]
      }
    },
    {
      "type": "Feature",
      "id": "WA",
      "properties": {
        "id": "WA",
        "name": "Washington"
      },
      "geometry": {
        "type": "MultiPolygon",
        "coordinates": [
          [
            [
              [
                -117.033359,
                49.000239
              ],
              [
                -117.044313,
                47.762451
              ],
              [
                -117.038836,
                46.426077
              ],
              [
                -117.055267,
                46.343923
              ],
              [
                -116.92382,
                46.168661
              ],
              [
                -116.918344,
                45.993399
              ],
              [
                -118.988627,
                45.998876
              ],
              [
                -119.125551,
                45.933153
              ],
              [
                -119.525367,
                45.911245
              ],
              [
                -119.963522,
                45.823614
              ],
              [
                -120.209985,
                45.725029
              ],
              [
                -120.505739,
                45.697644
              ],
              [
                -120.637186,
                45.746937
              ],
              [
                -121.18488,
                45.604536
              ],
              [
                -121.217742,
                45.670259
              ],
              [
                -121.535404,
                45.725029
              ],
              [
                -121.809251,
                45.708598
              ],
              [
                -122.247407,
                45.549767
              ],
              [
                -122.762239,
                45.659305
              ],
              [
                -122.811531,
                45.960537
              ],
              [
                -122.904639,
                46.08103
              ],
              [
                -123.11824,
                46.185092
              ],
              [
                -123.211348,
                46.174138
              ],
              [
                -123.370179,
                46.146753
              ],
              [
                -123.545441,
                46.261769
              ],
              [
                -123.72618,
                46.300108
              ],
              [
                -123.874058,
                46.239861
              ],
              [
                -124.065751,
                46.327492
              ],
              [
                -124.027412,
                46.464416
              ],
              [
                -123.895966,
                46.535616
              ],
              [
                -124.098612,
                46.74374
              ],
              [
                -124.235536,
                47.285957
              ],
              [
                -124.31769,
                47.357157
              ],
              [
                -124.427229,
                47.740543
              ],
              [
                -124.624399,
                47.88842
              ],
              [
                -124.706553,
                48.184175
              ],
              [
                -124.597014,
                48.381345
              ],
              [
                -124.394367,
                48.288237
              ],
              [
                -123.983597,
                48.162267
              ],
              [
                -123.704273,
                48.167744
              ],
              [
                -123.424949,
                48.118452
              ],
              [
                -123.162056,
                48.167744
              ],
              [
                -123.036086,
                48.080113
              ],
              [
                -122.800578,
                48.08559
              ],
              [
                -122.636269,
                47.866512
              ],
              [
                -122.515777,
                47.882943
              ],
              [
                -122.493869,
                47.587189
              ],
              [
                -122.422669,
                47.318818
              ],
              [
                -122.324084,
                47.346203
              ],
              [
                -122.422669,
                47.576235
              ],
              [
                -122.395284,
                47.800789
              ],
              [
                -122.230976,
                48.030821
              ],
              [
                -122.362422,
                48.123929
              ],
              [
                -122.373376,
                48.288237
              ],
              [
                -122.471961,
                48.468976
              ],
              [
                -122.422669,
                48.600422
              ],
              [
                -122.488392,
                48.753777
              ],
              [
                -122.647223,
                48.775685
              ],
              [
                -122.795101,
                48.8907
              ],
              [
                -122.756762,
                49.000239
              ],
              [
                -117.033359,
                49.000239
              ]
            ]
          ],
          [
            [
              [
                -122.718423,
                48.310145
              ],
              [
                -122.586977,
                48.35396
              ],
              [
                -122.608885,
                48.151313
              ],
              [
                -122.767716,
                48.227991
              ],
              [
                -122.718423,
                48.310145
              ]
            ]
          ],
          [
            [
              [
                -123.025132,
                48.583992
              ],
              [
                -122.915593,
                48.715438
              ],
              [
                -122.767716,
                48.556607
              ],
              [
                -122.811531,
                48.419683
              ],
              [
                -123.041563,
                48.458022
              ],
              [
                -123.025132,
                48.583992
              ]
            ]
          ]
        ]
      }
    },
    {
      "type": "Feature",
      "id": "WV",
      "properties": {
        "id": "WV",
        "name": "West Virginia"
      },
      "geometry": {
        "type": "Polygon",
        "coordinates": [
          [
            [
              -80.518598,
              40.636951
            ],
            [
              -80.518598,
              39.722302
            ],
            [
              -79.477979,
              39.722302
            ],
            [
              -79.488933,
              39.20747
            ],
            [
              -79.291763,
              39.300578
            ],
            [
              -79.094593,
              39.470363
            ],
            [
              -78.963147,
              39.437501
            ],
            [
              -78.765977,
              39.585379
            ],
            [
              -78.470222,
              39.514178
            ],
            [
              -78.431884,
              39.623717
            ],
            [
              -78.267575,
              39.61824
            ],
            [
              -78.174467,
              39.694917
            ],
            [
              -78.004682,
              39.601809
            ],
            [
              -77.834897,
              39.601809
            ],
            [
              -77.719881,
              39.322485
            ],
            [
              -77.82942,
              39.130793
            ],
            [
              -78.349729,
              39.464886
            ],
            [
              -78.404499,
              39.169131
            ],
            [
              -78.870039,
              38.763838
            ],
            [
              -78.996008,
              38.851469
            ],
            [
              -79.209609,
              38.495467
            ],
            [
              -79.313671,
              38.413313
            ],
            [
              -79.477979,
              38.457129
            ],
            [
              -79.647764,
              38.594052
            ],
            [
              -79.724442,
              38.364021
            ],
            [
              -79.921611,
              38.177805
            ],
            [
              -79.998289,
              37.997066
            ],
            [
              -80.184505,
              37.849189
            ],
            [
              -80.294043,
              37.690357
            ],
            [
              -80.29952,
              37.509618
            ],
            [
              -80.474782,
              37.421987
            ],
            [
              -80.513121,
              37.482234
            ],
            [
              -80.967707,
              37.290541
            ],
            [
              -81.225123,
              37.235771
            ],
            [
              -81.362047,
              37.339833
            ],
            [
              -81.55374,
              37.208387
            ],
            [
              -81.679709,
              37.20291
            ],
            [
              -81.849494,
              37.285064
            ],
            [
              -81.986418,
              37.454849
            ],
            [
              -81.969987,
              37.537003
            ],
            [
              -82.101434,
              37.553434
            ],
            [
              -82.293127,
              37.668449
            ],
            [
              -82.342419,
              37.783465
            ],
            [
              -82.50125,
              37.931343
            ],
            [
              -82.621743,
              38.123036
            ],
            [
              -82.594358,
              38.424267
            ],
            [
              -82.331465,
              38.446175
            ],
            [
              -82.293127,
              38.577622
            ],
            [
              -82.172634,
              38.632391
            ],
            [
              -82.221926,
              38.785745
            ],
            [
              -82.03571,
              39.026731
            ],
            [
              -81.887833,
              38.873376
            ],
            [
              -81.783771,
              38.966484
            ],
            [
              -81.811156,
              39.0815
            ],
            [
              -81.685186,
              39.273193
            ],
            [
              -81.57017,
              39.267716
            ],
            [
              -81.455155,
              39.410117
            ],
            [
              -81.345616,
              39.344393
            ],
            [
              -81.219646,
              39.388209
            ],
            [
              -80.830783,
              39.711348
            ],
            [
              -80.737675,
              40.078303
            ],
            [
              -80.600752,
              40.319289
            ],
            [
              -80.595275,
              40.472643
            ],
            [
              -80.666475,
              40.582182
            ],
            [
              -80.518598,
              40.636951
            ]
          ]
        ]
      }
    },
    {
      "type": "Feature",
      "id": "WI",
      "properties": {
        "id": "WI",
        "name": "Wisconsin"
      },
      "geometry": {
        "type": "Polygon",
        "coordinates": [
          [
            [
              -90.415429,
              46.568478
            ],
            [
              -90.229213,
              46.508231
            ],
            [
              -90.119674,
              46.338446
            ],
            [
              -89.09001,
              46.135799
            ],
            [
              -88.662808,
              45.987922
            ],
            [
              -88.531362,
              46.020784
            ],
            [
              -88.10416,
              45.922199
            ],
            [
              -87.989145,
              45.796229
            ],
            [
              -87.781021,
              45.675736
            ],
            [
              -87.791975,
              45.500474
            ],
            [
              -87.885083,
              45.363551
            ],
            [
              -87.649574,
              45.341643
            ],
            [
              -87.742682,
              45.199243
            ],
            [
              -87.589328,
              45.095181
            ],
            [
              -87.627666,
              44.974688
            ],
            [
              -87.819359,
              44.95278
            ],
            [
              -87.983668,
              44.722749
            ],
            [
              -88.043914,
              44.563917
            ],
            [
              -87.928898,
              44.536533
            ],
            [
              -87.775544,
              44.640595
            ],
            [
              -87.611236,
              44.837764
            ],
            [
              -87.403112,
              44.914442
            ],
            [
              -87.238804,
              45.166381
            ],
            [
              -87.03068,
              45.22115
            ],
            [
              -87.047111,
              45.089704
            ],
            [
              -87.189511,
              44.969211
            ],
            [
              -87.468835,
              44.552964
            ],
            [
              -87.545512,
              44.322932
            ],
            [
              -87.540035,
              44.158624
            ],
            [
              -87.644097,
              44.103854
            ],
            [
              -87.737205,
              43.8793
            ],
            [
              -87.704344,
              43.687607
            ],
            [
              -87.791975,
              43.561637
            ],
            [
              -87.912467,
              43.249452
            ],
            [
              -87.885083,
              43.002989
            ],
            [
              -87.76459,
              42.783912
            ],
            [
              -87.802929,
              42.493634
            ],
            [
              -88.788778,
              42.493634
            ],
            [
              -90.639984,
              42.510065
            ],
            [
              -90.711184,
              42.636034
            ],
            [
              -91.067185,
              42.75105
            ],
            [
              -91.143862,
              42.909881
            ],
            [
              -91.176724,
              43.134436
            ],
            [
              -91.056231,
              43.254929
            ],
            [
              -91.204109,
              43.353514
            ],
            [
              -91.215062,
              43.501391
            ],
            [
              -91.269832,
              43.616407
            ],
            [
              -91.242447,
              43.775238
            ],
            [
              -91.43414,
              43.994316
            ],
            [
              -91.592971,
              44.032654
            ],
            [
              -91.877772,
              44.202439
            ],
            [
              -91.927065,
              44.333886
            ],
            [
              -92.233773,
              44.443425
            ],
            [
              -92.337835,
              44.552964
            ],
            [
              -92.545959,
              44.569394
            ],
            [
              -92.808852,
              44.750133
            ],
            [
              -92.737652,
              45.117088
            ],
            [
              -92.75956,
              45.286874
            ],
            [
              -92.644544,
              45.440228
            ],
            [
              -92.770513,
              45.566198
            ],
            [
              -92.885529,
              45.577151
            ],
            [
              -92.869098,
              45.719552
            ],
            [
              -92.639067,
              45.933153
            ],
            [
              -92.354266,
              46.015307
            ],
            [
              -92.29402,
              46.075553
            ],
            [
              -92.29402,
              46.667063
            ],
            [
              -92.091373,
              46.749217
            ],
            [
              -92.014696,
              46.705401
            ],
            [
              -91.790141,
              46.694447
            ],
            [
              -91.09457,
              46.864232
            ],
            [
              -90.837154,
              46.95734
            ],
            [
              -90.749522,
              46.88614
            ],
            [
              -90.886446,
              46.754694
            ],
            [
              -90.55783,
              46.584908
            ],
            [
              -90.415429,
              46.568478
            ]
          ]
        ]
      }
    },
    {
      "type": "Feature",
      "id": "WY",
      "properties": {
        "id": "WY",
        "name": "Wyoming"
      },
      "geometry": {
        "type": "Polygon",
        "coordinates": [
          [
            [
              -109.080842,
              45.002073
            ],
            [
              -105.91517,
              45.002073
            ],
            [
              -104.058488,
              44.996596
            ],
            [
              -104.053011,
              43.002989
            ],
            [
              -104.053011,
              41.003906
            ],
            [
              -105.728954,
              40.998429
            ],
            [
              -107.919731,
              41.003906
            ],
            [
              -109.04798,
              40.998429
            ],
            [
              -111.047063,
              40.998429
            ],
            [
              -111.047063,
              42.000709
            ],
            [
              -111.047063,
              44.476286
            ],
            [
              -111.05254,
              45.002073
            ],
            [
              -109.080842,
              45.002073
            ]
          ]
        ]
      }
    }
  ]
}
